가맹점명,사용가능지역화폐,시도명,시군구명,소재지도로명주소,소재지지번주소,업종명,주요상품,전화번호,데이터기준일자
비에이치씨 무주덕유산리조트점,무주사랑상품권,전북특별자치도,무주군,전북특별자치도 무주군 설천면 만선로 185 (무주리조트),,,,,2025-01-20
바다수산,무주사랑상품권,전북특별자치도,무주군,전북특별자치도 무주군 안성면 칠연로 38 (7호),,,,,2025-01-20
조이분식,무주사랑상품권,전북특별자치도,무주군,전북특별자치도 무주군 무주읍 한수로 29,,,,,2025-01-20
둥구나무,무주사랑상품권,전북특별자치도,무주군,전북특별자치도 무주군 적상면 괴목로 528,,,,,2025-01-20
산마루가든,무주사랑상품권,전북특별자치도,무주군,전북특별자치도 무주군 적상면 괴목로 333-11 (1층),,,,,2025-01-20
안성조명,무주사랑상품권,전북특별자치도,무주군,전북특별자치도 무주군 안성면 안성로 286,,,,,2025-01-20
서울종합인테리어,무주사랑상품권,전북특별자치도,무주군,전북특별자치도 무주군 안성면 안성로 294,,,,,2025-01-20
안성농기,무주사랑상품권,전북특별자치도,무주군,전북특별자치도 무주군 안성면 칠연로 38,,,,,2025-01-20
칠육곱창,무주사랑상품권,전북특별자치도,무주군,전북특별자치도 무주군 무주읍 단천로 76,,,,,2025-01-20
설천한의원,무주사랑상품권,전북특별자치도,무주군,전북특별자치도 무주군 설천면 무설로 1594,,,,,2025-01-20
혜미네 옷 수선,무주사랑상품권,전북특별자치도,무주군,전북특별자치도 무주군 무주읍 주계로 115-1,,,,,2025-01-20
명천사슴농장 건강원,무주사랑상품권,전북특별자치도,무주군,전북특별자치도 무주군 안성면 원통사로 343,,,,,2025-01-20
재철물점,무주사랑상품권,전북특별자치도,무주군,전북특별자치도 무주군 안성면 안성로 249,,,,,2025-01-20
세븐일레븐 무주적상점,무주사랑상품권,전북특별자치도,무주군,전북특별자치도 무주군 적상면 여용로 328,,,,,2025-01-20
에덴의료기,무주사랑상품권,전북특별자치도,무주군,전북특별자치도 무주군 무주읍 한풍루로 361 (1동 1층 2호),,,,,2025-01-20
무주시장(오옥분),무주사랑상품권,전북특별자치도,무주군,전북특별자치도 무주군 무주읍 장터로 2,,,,,2025-01-20
무주무인모텔,무주사랑상품권,전북특별자치도,무주군,전북특별자치도 무주군 적상면 사내로 49 (2층),,,,,2025-01-20
착한감자탕해장국,무주사랑상품권,전북특별자치도,무주군,전북특별자치도 무주군 무주읍 한풍루로 320 (1동 1층 3호),,,,,2025-01-20
농업회사법인 유한회사 선진,무주사랑상품권,전북특별자치도,무주군,전북특별자치도 무주군 적상면 적상산로 66,,,,,2025-01-20
다사랑 STORY J점,무주사랑상품권,전북특별자치도,무주군,전북특별자치도 무주군 설천면 만선로 12,,,,,2025-01-20
비에이치씨(BHC) 무주읍점,무주사랑상품권,전북특별자치도,무주군,전북특별자치도 무주군 무주읍 한풍루로 387-9,,,,,2025-01-20
서련학원,무주사랑상품권,전북특별자치도,무주군,전북특별자치도 무주군 안성면 안성로 291-1,,,,,2025-01-20
그린하우스,무주사랑상품권,전북특별자치도,무주군,전북특별자치도 무주군 무주읍 단천로 96,,,,,2025-01-20
오고파 미용실,무주사랑상품권,전북특별자치도,무주군,전북특별자치도 무주군 무주읍 주계로 117-1,,,,,2025-01-20
아유란농원,무주사랑상품권,전북특별자치도,무주군,전북특별자치도 무주군 안성면 덕유산로 518-53,,,,,2025-01-20
부여통닭 무주읍점,무주사랑상품권,전북특별자치도,무주군,전북특별자치도 무주군 무주읍 단천로 5길 5,,,,,2025-01-20
큐사랑 염색전문점,무주사랑상품권,전북특별자치도,무주군,전북특별자치도 무주군 무주읍 주계로 89-1,,,,,2025-01-20
명동김밥.포차.분식.집밥.도시락,무주사랑상품권,전북특별자치도,무주군,전북특별자치도 무주군 무주읍 주계로 109,,,,,2025-01-20
맛이최강이네,무주사랑상품권,전북특별자치도,무주군,전북특별자치도 무주군 무주읍 단천로 78-4,,,,,2025-01-20
선비꼬마김밥무주점,무주사랑상품권,전북특별자치도,무주군,전북특별자치도 무주군 무주읍 주계로 8길 8-1 (1층),,,,,2025-01-20
허커,무주사랑상품권,전북특별자치도,무주군,전북특별자치도 무주군 설천면 만선로 40,,,,,2025-01-20
구천동농협하나로마트본점,무주사랑상품권,전북특별자치도,무주군,전북특별자치도 무주군 설천면 삼도봉로 6,,,,,2025-01-20
무주지역지활센터,무주사랑상품권,전북특별자치도,무주군,전북특별자치도 무주군 무주읍 단천로 154,,,,,2025-01-20
금호타이어구천동대리점,무주사랑상품권,전북특별자치도,무주군,전북특별자치도 무주군 설천면 하평지길 3,,,,,2025-01-20
미담옥,무주사랑상품권,전북특별자치도,무주군,전북특별자치도 무주군 안성면 칠연로 47-1,,,,,2025-01-20
윤식당&윤카페,무주사랑상품권,전북특별자치도,무주군,전북특별자치도 무주군 안성면 칠연로 523,,,,,2025-01-20
아지트 실과 바늘,무주사랑상품권,전북특별자치도,무주군,전북특별자치도 무주군 안성면 안기길 41-7,,,,,2025-01-20
무주시장(양현순),무주사랑상품권,전북특별자치도,무주군,전북특별자치도 무주군 무주읍 장터로 2,,,,,2025-01-20
티틴 필라테스&요가,무주사랑상품권,전북특별자치도,무주군,전북특별자치도 무주군 무주읍 단천로 107,,,,,2025-01-20
카페숲,무주사랑상품권,전북특별자치도,무주군,전북특별자치도 무주군 무주읍 무학로 153-36 (향로산 자연휴양림 1층 굴다리쉼터),,,,,2025-01-20
덕유산지고메고,무주사랑상품권,전북특별자치도,무주군,전북특별자치도 무주군 안성면 안성로 257-2,,,,,2025-01-20
티바두마리치킨 무주점,무주사랑상품권,전북특별자치도,무주군,전북특별자치도 무주군 설천면 구천동로 862,,,,,2025-01-20
세븐일레븐 무주 안성터미널점,무주사랑상품권,전북특별자치도,무주군,전북특별자치도 무주군 안성면 시장윗길 6-3 (안성터미널),,,,,2025-01-20
세븐일레븐 무주무풍점,무주사랑상품권,전북특별자치도,무주군,전북특별자치도 무주군 무풍면 북리길 1,,,,,2025-01-20
태영각,무주사랑상품권,전북특별자치도,무주군,전북특별자치도 무주군 무주읍 한풍루로 309,,,,,2025-01-20
너이버,무주사랑상품권,전북특별자치도,무주군,전북특별자치도 무주군 무주읍 주계로 57,,,,,2025-01-20
무주24시 무인빨래방,무주사랑상품권,전북특별자치도,무주군,전북특별자치도 무주군 무주읍 단천로 33 (1층),,,,,2025-01-20
무주시장(임보덕),무주사랑상품권,전북특별자치도,무주군,전북특별자치도 무주군 무주읍 장터로 2,,,,,2025-01-20
무주힘나라홍삼,무주사랑상품권,전북특별자치도,무주군,전북특별자치도 무주군 부남면 대소2길 11,,,,,2025-01-20
무주농원,무주사랑상품권,전북특별자치도,무주군,전북특별자치도 무주군 설천면 구천동로 1053,,,,,2025-01-20
삼일공사,무주사랑상품권,전북특별자치도,무주군,전북특별자치도 무주군 무주읍 유속1길 20-5,,,,,2025-01-20
한진택배 무풍점,무주사랑상품권,전북특별자치도,무주군,전북특별자치도 무주군 무풍면 대덕산로 905,,,,,2025-01-20
무주솔약국,무주사랑상품권,전북특별자치도,무주군,전북특별자치도 무주군 무주읍 주계로 80 (1층 102호),,,,,2025-01-20
수원생갈비 설천점,무주사랑상품권,전북특별자치도,무주군,전북특별자치도 무주군 설천면 무설로 1610 (1층),,,,,2025-01-20
엄마찬스,무주사랑상품권,전북특별자치도,무주군,전북특별자치도 무주군 적상면 괴목로 614-4,,,,,2025-01-20
1도씨맥주,무주사랑상품권,전북특별자치도,무주군,전북특별자치도 무주군 무주읍 주계로8길 10 (1층),,,,,2025-01-20
실버벨스복지센터,무주사랑상품권,전북특별자치도,무주군,전북특별자치도 무주군 무주읍 주계로 104,,,,,2025-01-20
무주향,무주사랑상품권,전북특별자치도,무주군,전북특별자치도 무주군 설천면 구천동로 1077,,,,,2025-01-20
언니네,무주사랑상품권,전북특별자치도,무주군,전북특별자치도 무주군 무주읍 단천로 99 (2동 104호),,,,,2025-01-20
오늘 네일은,무주사랑상품권,전북특별자치도,무주군,전북특별자치도 무주군 무주읍 주계로8길 11,,,,,2025-01-20
동양전기재료,무주사랑상품권,전북특별자치도,무주군,전북특별자치도 무주군 설천면 삼도봉로 11 (삼도봉장터 13동),,,,,2025-01-20
전북무주당산 1579,무주사랑상품권,전북특별자치도,무주군,전북특별자치도 무주군 무주읍 당산강변로 106,,,,,2025-01-20
가치가게,무주사랑상품권,전북특별자치도,무주군,전북특별자치도 무주군 적상면 서창로 101-1,,,,,2025-01-20
동명카츠 무주점,무주사랑상품권,전북특별자치도,무주군,전북특별자치도 무주군 무주읍 적천로 319,,,,,2025-01-20
하이클래스 수학.과학학원,무주사랑상품권,전북특별자치도,무주군,전북특별자치도 무주군 무주읍 신교로 49 (2층 202호 부영아파트),,,,,2025-01-20
무에르,무주사랑상품권,전북특별자치도,무주군,전북특별자치도 무주군 무주읍 무주로 1739 (무주IC만남의광장),,,,,2025-01-20
안성가정육,무주사랑상품권,전북특별자치도,무주군,전북특별자치도 무주군 안성면 단지봉길 5,,,,,2025-01-20
라제펜션,무주사랑상품권,전북특별자치도,무주군,전북특별자치도 무주군 설천면 무설로 1745,,,,,2025-01-20
놀러와,무주사랑상품권,전북특별자치도,무주군,전북특별자치도 무주군 무주읍 주계로 126,,,,,2025-01-20
혜성이발관,무주사랑상품권,전북특별자치도,무주군,전북특별자치도 무주군 설천면 무설로 1589,,,,,2025-01-20
만화카페,무주사랑상품권,전북특별자치도,무주군,전북특별자치도 무주군 안성면 안성로 291-1 (지하층),,,,,2025-01-20
영애국수,무주사랑상품권,전북특별자치도,무주군,전북특별자치도 무주군 설천면 무설로 1708,,,,,2025-01-20
생두부촌,무주사랑상품권,전북특별자치도,무주군,전북특별자치도 무주군 설천면 만선로 20,,,,,2025-01-20
호박미용실,무주사랑상품권,전북특별자치도,무주군,전북특별자치도 무주군 무주읍 단천로5길 8-2,,,,,2025-01-20
이미지헤어샵,무주사랑상품권,전북특별자치도,무주군,전북특별자치도 무주군 무주읍 단천로 109,,,,,2025-01-20
등뼈집,무주사랑상품권,전북특별자치도,무주군,전북특별자치도 무주군 무주읍 적천로 331 (1층),,,,,2025-01-20
데일리 스터디카페 무주점,무주사랑상품권,전북특별자치도,무주군,전북특별자치도 무주군 무주읍 주계로 86-1,,,,,2025-01-20
개인택시,무주사랑상품권,전북특별자치도,무주군,전북특별자치도 무주군 무주읍 하장백길 59,,,,,2025-01-20
선화네미장원,무주사랑상품권,전북특별자치도,무주군,전북특별자치도 무주군 무주읍 신교로 13 (진성빌라 1층 102호),,,,,2025-01-20
주식회사연현 농업회사법인,무주사랑상품권,전북특별자치도,무주군,전북특별자치도 무주군 무주읍 한풍루로 320 (102호),,,,,2025-01-20
무인다방 전북무주점,무주사랑상품권,전북특별자치도,무주군,전북특별자치도 무주군 무주읍 단천로 167 (강공하우스 1층),,,,,2025-01-20
명가 교통짬뽕 무주 만남의광장점,무주사랑상품권,전북특별자치도,무주군,전북특별자치도 무주군 무주읍 무주로 1739 (무주IC만남의 광장),,,,,2025-01-20
서울이용권,무주사랑상품권,전북특별자치도,무주군,전북특별자치도 무주군 안성면 시장윗길 14,,,,,2025-01-20
안성돼지국밥,무주사랑상품권,전북특별자치도,무주군,전북특별자치도 무주군 안성면 안성로 266 (1층),,,,,2025-01-20
무주반디공업사,무주사랑상품권,전북특별자치도,무주군,전북특별자치도 무주군 무주읍 한풍루로 249-26,,,,,2025-01-20
덕유철물,무주사랑상품권,전북특별자치도,무주군,전북특별자치도 무주군 설천면 구천동로 964,,,,,2025-01-20
영진건업샤시,무주사랑상품권,전북특별자치도,무주군,전북특별자치도 무주군 무주읍 한풍루로 276,,,,,2025-01-20
전주공업사,무주사랑상품권,전북특별자치도,무주군,전북특별자치도 무주군 무주읍 한풍루로 418,,,,,2025-01-20
들녘가든,무주사랑상품권,전북특별자치도,무주군,전북특별자치도 무주군 안성면 진성로 2676,,,,,2025-01-20
무주농수산 장어마을,무주사랑상품권,전북특별자치도,무주군,전북특별자치도 무주군 적상면 마산길 67-70,,,,,2025-01-20
무주시장(남공희),무주사랑상품권,전북특별자치도,무주군,전북특별자치도 무주군 무주읍 장터로 2,,,,,2025-01-20
용포차,무주사랑상품권,전북특별자치도,무주군,전북특별자치도 무주군 무주읍 한풍루로 387-9  2층,,,,,2025-01-20
씨유무주장터점,무주사랑상품권,전북특별자치도,무주군,전북특별자치도 무주군 무주읍 장터로 15,,,,,2025-01-20
살롱드’S,무주사랑상품권,전북특별자치도,무주군,전북특별자치도 무주군 무주읍 단천로 103,,,,,2025-01-20
어랑,무주사랑상품권,전북특별자치도,무주군,전북특별자치도 무주군 무주읍 주계로 92-10,,,,,2025-01-20
무주시장(임혜선),무주사랑상품권,전북특별자치도,무주군,전북특별자치도 무주군 무주읍 장터로 2,,,,,2025-01-20
양지회센터,무주사랑상품권,전북특별자치도,무주군,전북특별자치도 무주군 설천면 양지담길 2,,,,,2025-01-20
정치과,무주사랑상품권,전북특별자치도,무주군,전북특별자치도 무주군 무주읍 당산강변로 208,,,,,2025-01-20
굿모닝보청기,무주사랑상품권,전북특별자치도,무주군,전북특별자치도 무주군 무주읍 한풍루로 351  1층,,,,,2025-01-20
무주시장(김재오),무주사랑상품권,전북특별자치도,무주군,전북특별자치도 무주군 무주읍 장터로 2,,,,,2025-01-20
분식 앤 깻잎두마리치킨,무주사랑상품권,전북특별자치도,무주군,전북특별자치도 무주군 무주읍 주계로 105  1층,,,,,2025-01-20
오감족발,무주사랑상품권,전북특별자치도,무주군,전북특별자치도 무주군 무주읍 주계로 67-1  1층,,,,,2025-01-20
풍년식당,무주사랑상품권,전북특별자치도,무주군,전북특별자치도 무주군 무풍면 고도2길 33-3  1층,,,,,2025-01-20
무주반딧불시장상인협동조합,무주사랑상품권,전북특별자치도,무주군,전북특별자치도 무주군 무주읍 장터로 2  1호,,,,,2025-01-20
손톱치레,무주사랑상품권,전북특별자치도,무주군,전북특별자치도 무주군 무주읍 주계로 105  1층,,,,,2025-01-20
나리식당,무주사랑상품권,전북특별자치도,무주군,전북특별자치도 무주군 무풍면 현내로 207  1층,,,,,2025-01-20
산여울,무주사랑상품권,전북특별자치도,무주군,전북특별자치도 무주군 설천면 구천동1로 143,,,,,2025-01-20
하늘녘싱싱팜,무주사랑상품권,전북특별자치도,무주군,전북특별자치도 무주군 설천면 내북길 208-3,,,,,2025-01-20
소희학원,무주사랑상품권,전북특별자치도,무주군,전북특별자치도 무주군 설천면 무설로 1577  2층,,,,,2025-01-20
무주수목원캠핑장&글램핑,무주사랑상품권,전북특별자치도,무주군,전북특별자치도 무주군 설천면 구천동로 1092-34,,,,,2025-01-20
무주군반딧불블루베리 영농조합법인,무주사랑상품권,전북특별자치도,무주군,전북특별자치도 무주군 적상면 치마재로 101,,,,,2025-01-20
hs한솔씽크,무주사랑상품권,전북특별자치도,무주군,전북특별자치도 무주군 무주읍 괴목로 1387,,,,,2025-01-20
참솔산업㈜,무주사랑상품권,전북특별자치도,무주군,전북특별자치도 무주군 무주읍 무설로 53,,,,,2025-01-20
전통질그릇(무주시장),무주사랑상품권,전북특별자치도,무주군,전북특별자치도 무주군 무주읍 장터로 2,,,,,2025-01-20
앞섬상회,무주사랑상품권,전북특별자치도,무주군,전북특별자치도 무주군 무주읍 내도리1길 3,,,,,2025-01-20
무주시장(오순덕),무주사랑상품권,전북특별자치도,무주군,전북특별자치도 무주군 무주읍 장터로 2,,,,,2025-01-20
드림 씨앤티,무주사랑상품권,전북특별자치도,무주군,전북특별자치도 무주군 적상면 적상산로 29,,,,,2025-01-20
선연건설,무주사랑상품권,전북특별자치도,무주군,전북특별자치도 무주군 안성면 안성로 283,,,,,2025-01-20
단곰카페,무주사랑상품권,전북특별자치도,무주군,전북특별자치도 무주군 안성면 안성로 266  1층,,,,,2025-01-20
(유) 청솔산업,무주사랑상품권,전북특별자치도,무주군,전북특별자치도 무주군 안성면 진성로 2502-41,,,,,2025-01-20
평지기름집,무주사랑상품권,전북특별자치도,무주군,전북특별자치도 무주군 설천면 삼도봉로 17,,,,,2025-01-20
반딧불카센타,무주사랑상품권,전북특별자치도,무주군,전북특별자치도 무주군 설천면 무설로 1552,,,,,2025-01-20
장터곱창,무주사랑상품권,전북특별자치도,무주군,전북특별자치도 무주군 무주읍 단천로 48,,,,,2025-01-20
도원식당,무주사랑상품권,전북특별자치도,무주군,전북특별자치도 무주군 설천면 무설로 1271  1층,,,,,2025-01-20
신풍농약사,무주사랑상품권,전북특별자치도,무주군,전북특별자치도 무주군 설천면 무설로 1580,,,,,2025-01-20
무주시장(오옥자),무주사랑상품권,전북특별자치도,무주군,전북특별자치도 무주군 무주읍 장터로 2,,,,,2025-01-20
사과하니,무주사랑상품권,전북특별자치도,무주군,전북특별자치도 무주군 무풍면 오무실로 139-4,,,,,2025-01-20
참 한삼,무주사랑상품권,전북특별자치도,무주군,전북특별자치도 무주군 무주읍 단천로 47  1층,,,,,2025-01-20
무주시장(신명자),무주사랑상품권,전북특별자치도,무주군,전북특별자치도 무주군 무주읍 장터로 2,,,,,2025-01-20
제일동물병원,무주사랑상품권,전북특별자치도,무주군,전북특별자치도 무주군 안성면 안성로 296,,,,,2025-01-20
무주냉동,무주사랑상품권,전북특별자치도,무주군,전북특별자치도 무주군 무주읍 한풍루로 418,,,,,2025-01-20
민속한의원,무주사랑상품권,전북특별자치도,무주군,전북특별자치도 무주군 무주읍 삼방로 756-32,,,,,2025-01-20
무주천마농장,무주사랑상품권,전북특별자치도,무주군,전북특별자치도 무주군 안성면 장무로 1555-5,,,,,2025-01-20
무주창고,무주사랑상품권,전북특별자치도,무주군,전북특별자치도 무주군 적상면 마산내동길 16,,,,,2025-01-20
커피앤커피,무주사랑상품권,전북특별자치도,무주군,전북특별자치도 무주군 무주읍 주계로8길 10  2층 203호,,,,,2025-01-20
반딧불 청정팜,무주사랑상품권,전북특별자치도,무주군,전북특별자치도 무주군 무주읍 장터로 2,,,,,2025-01-20
장터상회,무주사랑상품권,전북특별자치도,무주군,전북특별자치도 무주군 설천면 삼도봉로 18,,,,,2025-01-20
무주시장(구미선),무주사랑상품권,전북특별자치도,무주군,전북특별자치도 무주군 무주읍 장터로 2,,,,,2025-01-20
구천상회,무주사랑상품권,전북특별자치도,무주군,전북특별자치도 무주군 무주읍 장터로 2,,,,,2025-01-20
CU 무주대로점,무주사랑상품권,전북특별자치도,무주군,전북특별자치도 무주군 설천면 구천동로 1081,,,,,2025-01-20
이현헤어,무주사랑상품권,전북특별자치도,무주군,전북특별자치도 무주군 무주읍 장터로 15,,,,,2025-01-20
씨유무주만남의광장점,무주사랑상품권,전북특별자치도,무주군,전북특별자치도 무주군 무주읍 무주로 1739,,,,,2025-01-20
베이징,무주사랑상품권,전북특별자치도,무주군,전북특별자치도 무주군 무주읍 향학로 62  1층,,,,,2025-01-20
장미슈퍼,무주사랑상품권,전북특별자치도,무주군,전북특별자치도 무주군 무풍면 현내로 213,,,,,2025-01-20
라제쉼터,무주사랑상품권,전북특별자치도,무주군,전북특별자치도 무주군 설천면 라제통문로 2,,,,,2025-01-20
명품축산도매센터,무주사랑상품권,전북특별자치도,무주군,전북특별자치도 무주군 무주읍 적천로 265,,,,,2025-01-20
렛츠고 무주할인통,무주사랑상품권,전북특별자치도,무주군,전북특별자치도 무주군 설천면 만선로 56-7,,,,,2025-01-20
카페라제,무주사랑상품권,전북특별자치도,무주군,전북특별자치도 무주군 설천면 라제통문로 2,,,,,2025-01-20
오케이당구장,무주사랑상품권,전북특별자치도,무주군,전북특별자치도 무주군 무주읍 단천로 99  2층,,,,,2025-01-20
무주스키 무한도전,무주사랑상품권,전북특별자치도,무주군,전북특별자치도 무주군 설천면 만선로 58,,,,,2025-01-20
레이첼영어교습소,무주사랑상품권,전북특별자치도,무주군,전북특별자치도 무주군 무주읍 향한로 65,,,,,2025-01-20
신통치킨 무주점,무주사랑상품권,전북특별자치도,무주군,전북특별자치도 무주군 무주읍 장터로 15  103호,,,,,2025-01-20
무주1박2일펜션민박,무주사랑상품권,전북특별자치도,무주군,전북특별자치도 무주군 설천면 원삼공2길 7-28,,,,,2025-01-20
반딧불드론교육원,무주사랑상품권,전북특별자치도,무주군,전북특별자치도 무주군 무주읍 괴목로 1330,,,,,2025-01-20
무주펜션,무주사랑상품권,전북특별자치도,무주군,전북특별자치도 무주군 설천면 구천동1로 135-5,,,,,2025-01-20
짜장짬뽕이야기,무주사랑상품권,전북특별자치도,무주군,전북특별자치도 무주군 무풍면 현내로 218-3,,,,,2025-01-20
남영제약영농조합,무주사랑상품권,전북특별자치도,무주군,전북특별자치도 무주군 무주읍 무금로 93,,,,,2025-01-20
삼거리주유소,무주사랑상품권,전북특별자치도,무주군,,전북특별자치도 무주군 무풍면 삼거리 256,,,,2025-01-20
무주시장(신예식),무주사랑상품권,전북특별자치도,무주군,전북특별자치도 무주군 무주읍 장터로 2,,,,,2025-01-20
무주일식,무주사랑상품권,전북특별자치도,무주군,전북특별자치도 무주군 무주읍 향학로 1,,,,,2025-01-20
무주시장(진인숙),무주사랑상품권,전북특별자치도,무주군,전북특별자치도 무주군 무주읍 장터로 2,,,,,2025-01-20
바람개비 딸기학교,무주사랑상품권,전북특별자치도,무주군,전북특별자치도 무주군 무주읍 오산2길 116-12,,,,,2025-01-20
현이네식당,무주사랑상품권,전북특별자치도,무주군,전북특별자치도 무주군 설천면 무설로 1608,,,,,2025-01-20
무주시장(송순애),무주사랑상품권,전북특별자치도,무주군,전북특별자치도 무주군 무주읍 장터로 2,,,,,2025-01-20
무주시장(서설자),무주사랑상품권,전북특별자치도,무주군,전북특별자치도 무주군 무주읍 장터로 2,,,,,2025-01-20
로만헤어,무주사랑상품권,전북특별자치도,무주군,전북특별자치도 무주군 안성면 시장윗길 6-3,,,,,2025-01-20
무주시장(김영춘),무주사랑상품권,전북특별자치도,무주군,전북특별자치도 무주군 무주읍 장터로 2,,,,,2025-01-20
신흥제분,무주사랑상품권,전북특별자치도,무주군,전북특별자치도 무주군 무주읍 주계로 55,,,,,2025-01-20
무주시장(김명문),무주사랑상품권,전북특별자치도,무주군,전북특별자치도 무주군 무주읍 장터로 2,,,,,2025-01-20
칠연폭포송어양어장,무주사랑상품권,전북특별자치도,무주군,전북특별자치도 무주군 안성면 통안로 15  1층,,,,,2025-01-20
안성잡곡,무주사랑상품권,전북특별자치도,무주군,전북특별자치도 무주군 안성면 칠연로 38,,,,,2025-01-20
만능공업사,무주사랑상품권,전북특별자치도,무주군,전북특별자치도 무주군 설천면 무설로 1628,,,,,2025-01-20
무주시장(이명임),무주사랑상품권,전북특별자치도,무주군,전북특별자치도 무주군 무주읍 장터로 2,,,,,2025-01-20
낙식곰탕,무주사랑상품권,전북특별자치도,무주군,전북특별자치도 무주군 무풍면 구천동로 574,,,,,2025-01-20
무진장축협 안성지점,무주사랑상품권,전북특별자치도,무주군,전북특별자치도 무주군 안성면 안성로 288,,,,,2025-01-20
무주덕유산반딧골영농조합법인,무주사랑상품권,전북특별자치도,무주군,전북특별자치도 무주군 안성면 공단로 19,,,,,2025-01-20
반디OA 컴퓨터,무주사랑상품권,전북특별자치도,무주군,전북특별자치도 무주군 무주읍 주계로 148번지 1층,,,,,2025-01-20
노블구제,무주사랑상품권,전북특별자치도,무주군,전북특별자치도 무주군 무주읍 주계로8길 9,,,,,2025-01-20
무주연탄직매소,무주사랑상품권,전북특별자치도,무주군,전북특별자치도 무주군 무주읍 서면길 40,,,,,2025-01-20
안마당,무주사랑상품권,전북특별자치도,무주군,전북특별자치도 무주군 무주읍 주계로 84-1,,,,,2025-01-20
호호분식,무주사랑상품권,전북특별자치도,무주군,전북특별자치도 무주군 설처면 무설로 1591,,,,,2025-01-20
개인택시(전북36바3030),무주사랑상품권,전북특별자치도,무주군,전북특별자치도 무주군 안성면 신촌길 6-2,,,,,2025-01-20
신통치킨,무주사랑상품권,전북특별자치도,무주군,전북특별자치도 무주군 안성면 안성로 293-1,,,,,2025-01-20
세창당한약방,무주사랑상품권,전북특별자치도,무주군,전북특별자치도 무주군 안성면 칠연로 33-1,,,,,2025-01-20
풍년제분공장,무주사랑상품권,전북특별자치도,무주군,,전북특별자치도 무주군 무풍면 현내리 216-1,,,,2025-01-20
무주시장(김성자),무주사랑상품권,전북특별자치도,무주군,전북특별자치도 무주군 무주읍 장터로 2,,,,,2025-01-20
그안펜션,무주사랑상품권,전북특별자치도,무주군,전북특별자치도 무주군 설천면 구천동로 1048-23,,,,,2025-01-20
덕유산업,무주사랑상품권,전북특별자치도,무주군,전북특별자치도 무주군 안성면 안성로 215,,,,,2025-01-20
폴몬트 2호점,무주사랑상품권,전북특별자치도,무주군,전북특별자치도 무주군 설천면 라제통문로 276,,,,,2025-01-20
무주시장(정순복),무주사랑상품권,전북특별자치도,무주군,전북특별자치도 무주군 무주읍 장터로 2,,,,,2025-01-20
무주시장(라옥자),무주사랑상품권,전북특별자치도,무주군,전북특별자치도 무주군 무주읍 장터로 2,,,,,2025-01-20
무주민속탁주주조장,무주사랑상품권,전북특별자치도,무주군,전북특별자치도 무주군 무주읍 한수로 37-8,,,,,2025-01-20
영흥상회,무주사랑상품권,전북특별자치도,무주군,전북특별자치도 무주군 안성면 안성로 307-1,,,,,2025-01-20
하란영화관,무주사랑상품권,전북특별자치도,무주군,전북특별자치도 무주군 설천면 무설로 1582,,,,,2025-01-20
무주지역자활센터 크린세상,무주사랑상품권,전북특별자치도,무주군,전북특별자치도 무주군 무주읍 한풍루로 276,,,,,2025-01-20
무주지역자활센터 OK세차장,무주사랑상품권,전북특별자치도,무주군,전북특별자치도 무주군 무주읍 한풍루로 276,,,,,2025-01-20
늘푸른식당,무주사랑상품권,전북특별자치도,무주군,전북특별자치도 무주군 안성면 칠연로 529,,,,,2025-01-20
신전떡볶이 무주점,무주사랑상품권,전북특별자치도,무주군,전북특별자치도 무주군 무주읍 주계로 118  1층 101호,,,,,2025-01-20
무주반디농자재,무주사랑상품권,전북특별자치도,무주군,전북특별자치도 무주군 무주읍 적천로 269-1  2층,,,,,2025-01-20
큐버블티,무주사랑상품권,전북특별자치도,무주군,전북특별자치도 무주군 무주읍 향학로 66,,,,,2025-01-20
주야공업사,무주사랑상품권,전북특별자치도,무주군,전북특별자치도 무주군 무풍면  라제통문로 785-5,,,,,2025-01-20
비쥬헤어,무주사랑상품권,전북특별자치도,무주군,전북특별자치도 무주군 무주읍 주계로 102,,,,,2025-01-20
아임일리터 무주점,무주사랑상품권,전북특별자치도,무주군,전북특별자치도 무주군 무주읍 향학로 34,,,,,2025-01-20
굽네치킨,무주사랑상품권,전북특별자치도,무주군,전북특별자치도 무주군 설천면 구천동로 1050,,,,,2025-01-20
삼성건강원,무주사랑상품권,전북특별자치도,무주군,전북특별자치도 무주군 설천면 무설로 1576,,,,,2025-01-20
무주위생공사,무주사랑상품권,전북특별자치도,무주군,전북특별자치도 무주군 무주읍 적천로 285,,,,,2025-01-20
시장건강원,무주사랑상품권,전북특별자치도,무주군,전북특별자치도 무주군 안성면 안성로 264,,,,,2025-01-20
꽃돌식당,무주사랑상품권,전북특별자치도,무주군,전북특별자치도 무주군 무풍면 구천동로 568,,,,,2025-01-20
무진장축협무주지점,무주사랑상품권,전북특별자치도,무주군,전북특별자치도 무주군 무주읍 한풍루로 389,,,,,2025-01-20
하리마오피자 경아두마리치킨,무주사랑상품권,전북특별자치도,무주군,전북특별자치도 무주군 안성면 안성로 268 1층,,,,,2025-01-20
무주세탁전문점,무주사랑상품권,전북특별자치도,무주군,전북특별자치도 무주군 무주읍 한풍루로 322,,,,,2025-01-20
땅스부대찌개,무주사랑상품권,전북특별자치도,무주군,전북특별자치도 무주군 무주읍 주계로 118,,,,,2025-01-20
숨은진주,무주사랑상품권,전북특별자치도,무주군,전북특별자치도 무주군 안성면 칠연로 38,,,,,2025-01-20
와이비엠교육이엠멘토 수학교습소,무주사랑상품권,전북특별자치도,무주군,전북특별자치도 무주군 무주읍 향학로 66,,,,,2025-01-20
전북제사 1970 데프콘1,무주사랑상품권,전북특별자치도,무주군,전북특별자치도 무주군 무주읍 무설로 104,,,,,2025-01-20
우암치과,무주사랑상품권,전북특별자치도,무주군,전북특별자치도 무주군 무주읍 주계로 8길 6,,,,,2025-01-20
무주시장(여한순),무주사랑상품권,전북특별자치도,무주군,전북특별자치도 무주군 무주읍 장터로 2,,,,,2025-01-20
무주시장(박금전),무주사랑상품권,전북특별자치도,무주군,전북특별자치도 무주군 무주읍 장터로 2,,,,,2025-01-20
로젠택배,무주사랑상품권,전북특별자치도,무주군,전북특별자치도 무주군 무풍면 현내로 167,,,,,2025-01-20
깜푸드,무주사랑상품권,전북특별자치도,무주군,전북특별자치도 무주군 안성면 장무로 1543-4,,,,,2025-01-20
LG전자스토어,무주사랑상품권,전북특별자치도,무주군,전북특별자치도 무주군 설천면 무설로 1581,,,,,2025-01-20
구천동휴게소,무주사랑상품권,전북특별자치도,무주군,전북특별자치도 무주군 무풍면 구천동로 407,,,,,2025-01-20
튼튼영어마스터클럽무주교습소,무주사랑상품권,전북특별자치도,무주군,전북특별자치도 무주군 무주읍 단천로5길 23,,,,,2025-01-20
엄마김밥,무주사랑상품권,전북특별자치도,무주군,전북특별자치도 무주군 설천면 만선로 47,,,,,2025-01-20
캄돝,무주사랑상품권,전북특별자치도,무주군,전북특별자치도 무주군 무주읍 주계로 110-1,,,,,2025-01-20
청담회관,무주사랑상품권,전북특별자치도,무주군,전북특별자치도 무주군 무주읍 당산강변로 224  1층 103-104호,,,,,2025-01-20
킹콩당구장,무주사랑상품권,전북특별자치도,무주군,전북특별자치도 무주군 설천면 무설로 1583  3층,,,,,2025-01-20
사천성,무주사랑상품권,전북특별자치도,무주군,전북특별자치도 무주군 설천면 구천동로 1060,,,,,2025-01-20
서현,무주사랑상품권,전북특별자치도,무주군,전북특별자치도 무주군 무주읍 적천로 331  KT매장,,,,,2025-01-20
평화의원,무주사랑상품권,전북특별자치도,무주군,전북특별자치도 무주군 안성면 칠연로 57,,,,,2025-01-20
무주시장(이민숙),무주사랑상품권,전북특별자치도,무주군,전북특별자치도 무주군 무주읍 장터로 2,,,,,2025-01-20
무주우렁이농장,무주사랑상품권,전북특별자치도,무주군,전북특별자치도 무주군 안성면 도촌길 30-3,,,,,2025-01-20
지스포츠,무주사랑상품권,전북특별자치도,무주군,전북특별자치도 무주군 무주읍 향학로 33  2층,,,,,2025-01-20
금성분식,무주사랑상품권,전북특별자치도,무주군,전북특별자치도 무주군 안성면 칠연로 34-1,,,,,2025-01-20
철수네 신발가게,무주사랑상품권,전북특별자치도,무주군,전북특별자치도 무주군 무주읍 주계로1길 2,,,,,2025-01-20
무주시장(전희순),무주사랑상품권,전북특별자치도,무주군,전북특별자치도 무주군 무주읍 장터로 2,,,,,2025-01-20
통안구판장,무주사랑상품권,전북특별자치도,무주군,전북특별자치도 무주군 안성면 통안길 1,,,,,2025-01-20
신안떡방앗간,무주사랑상품권,전북특별자치도,무주군,전북특별자치도 무주군 안성면 칠연로 75,,,,,2025-01-20
투모아안성점,무주사랑상품권,전북특별자치도,무주군,전북특별자치도 무주군 안성면 시장윗길 6-7,,,,,2025-01-20
무주시장(안성조),무주사랑상품권,전북특별자치도,무주군,전북특별자치도 무주군 무주읍 장터로 2,,,,,2025-01-20
춘자네,무주사랑상품권,전북특별자치도,무주군,전북특별자치도 무주군 안성면 안성로 289  1층,,,,,2025-01-20
은정커텐,무주사랑상품권,전북특별자치도,무주군,전북특별자치도 무주군 안성면 안성로 284-1,,,,,2025-01-20
무주반딧불시니어클럽 형설푸드,무주사랑상품권,전북특별자치도,무주군,전북특별자치도 무주군 적상면 적상산로 170,,,,,2025-01-20
그리고,무주사랑상품권,전북특별자치도,무주군,전북특별자치도 무주군 무주읍 주계로 121  1층,,,,,2025-01-20
일신공업사,무주사랑상품권,전북특별자치도,무주군,전북특별자치도 무주군 설천면 무설로 1644,,,,,2025-01-20
설천주민가스설비,무주사랑상품권,전북특별자치도,무주군,전북특별자치도 무주군 설천면 무설로 1682,,,,,2025-01-20
메이드비,무주사랑상품권,전북특별자치도,무주군,전북특별자치도 무주군 무주읍 당산강변로 226  202호,,,,,2025-01-20
연세외과의원,무주사랑상품권,전북특별자치도,무주군,전북특별자치도 무주군 설천면 무설로 1590,,,,,2025-01-20
김헤어모드,무주사랑상품권,전북특별자치도,무주군,전북특별자치도 무주군 무주읍 주계로 126  1층,,,,,2025-01-20
도도,무주사랑상품권,전북특별자치도,무주군,전북특별자치도 무주군 무주읍 단천로 82,,,,,2025-01-20
간이역,무주사랑상품권,전북특별자치도,무주군,전북특별자치도 무주군 무주읍 단천로 99,,,,,2025-01-20
중도카센타,무주사랑상품권,전북특별자치도,무주군,전북특별자치도 무주군 설천면 구천동로 1041,,,,,2025-01-20
부남가스,무주사랑상품권,전북특별자치도,무주군,전북특별자치도 무주군 부남면 부남로 497,,,,,2025-01-20
204카페,무주사랑상품권,전북특별자치도,무주군,전북특별자치도 무주군 무주읍 당산강변로 204,,,,,2025-01-20
오복식당,무주사랑상품권,전북특별자치도,무주군,전북특별자치도 무주군 무풍면 현내로 416,,,,,2025-01-20
무주시장(김평자),무주사랑상품권,전북특별자치도,무주군,전북특별자치도 무주군 무주읍 장터로 2,,,,,2025-01-20
무주시장(김종성),무주사랑상품권,전북특별자치도,무주군,전북특별자치도 무주군 무주읍 장터로 2,,,,,2025-01-20
무주시장(송월선),무주사랑상품권,전북특별자치도,무주군,전북특별자치도 무주군 무주읍 장터로 2,,,,,2025-01-20
족발&amp;포차 두번째집,무주사랑상품권,전북특별자치도,무주군,전북특별자치도 무주군 무주읍 단찬로 85  1층 103호,,,,,2025-01-20
무주시장(배선자),무주사랑상품권,전북특별자치도,무주군,전북특별자치도 무주군 무주읍 장터로 2,,,,,2025-01-20
무주시장(최창호),무주사랑상품권,전북특별자치도,무주군,전북특별자치도 무주군 무주읍 장터로 2,,,,,2025-01-20
임형래내과의원,무주사랑상품권,전북특별자치도,무주군,전북특별자치도 무주군 무주읍 단천로 99,,,,,2025-01-20
사단법인 무주태권도원공공스포츠클럽,무주사랑상품권,전북특별자치도,무주군,전북특별자치도 무주군 설천면 무설로 1482  태권도원도약센터,,,,,2025-01-20
구천동송어마을,무주사랑상품권,전북특별자치도,무주군,전북특별자치도 무주군 무풍면 구천동로 289-47,,,,,2025-01-20
유나포차,무주사랑상품권,전북특별자치도,무주군,전북특별자치도 무주군 무주읍 신교로 49 상가1층 104,,,,,2025-01-20
에쓰씨푸드,무주사랑상품권,전북특별자치도,무주군,전북특별자치도 무주군 무주읍 단천로 116-1,,,,,2025-01-20
미성이용원,무주사랑상품권,전북특별자치도,무주군,전북특별자치도 무주군 안성면 안성로 271-1,,,,,2025-01-20
덕운 CM,무주사랑상품권,전북특별자치도,무주군,전북특별자치도 무주군 안성면 칠연로 40-7,,,,,2025-01-20
무주스크린골프,무주사랑상품권,전북특별자치도,무주군,전북특별자치도 무주군 무주읍 당산강변로 204,,,,,2025-01-20
5해향엣지헤어,무주사랑상품권,전북특별자치도,무주군,전북특별자치도 무주군 설천면 무설로 1598,,,,,2025-01-20
풀마트제과점,무주사랑상품권,전북특별자치도,무주군,전북특별자치도 무주군 무주읍 단천로 104,,,,,2025-01-20
시온상회,무주사랑상품권,전북특별자치도,무주군,전북특별자치도 무주군 무풍면 현내로 216,,,,,2025-01-20
신촌정미소,무주사랑상품권,전북특별자치도,무주군,전북특별자치도 무주군 설천면 무설로 1641,,,,,2025-01-20
천농(천마앤농부),무주사랑상품권,전북특별자치도,무주군,전북특별자치도 무주군 안성면 안성로 298-2,,,,,2025-01-20
동양낚시,무주사랑상품권,전북특별자치도,무주군,전북특별자치도 무주군 무주읍 주계로 96,,,,,2025-01-20
무주시장(전태용),무주사랑상품권,전북특별자치도,무주군,전북특별자치도 무주군 무주읍 장터로 2,,,,,2025-01-20
한진택배 무주영업소,무주사랑상품권,전북특별자치도,무주군,전북특별자치도 무주군 무주읍 적천로 275-1,,,,,2025-01-20
개인택시,무주사랑상품권,전북특별자치도,무주군,전북특별자치도 무주군 무주읍 주계로 121-1,,,,,2025-01-20
안성슈퍼,무주사랑상품권,전북특별자치도,무주군,전북특별자치도 무주군 안성면 안성로 297-1,,,,,2025-01-20
올래,무주사랑상품권,전북특별자치도,무주군,전북특별자치도 무주군 무주읍 주계로 92-10,,,,,2025-01-20
새참떡볶이,무주사랑상품권,전북특별자치도,무주군,전북특별자치도 무주군 무주읍 단천로 109  1층,,,,,2025-01-20
안성손칼국수,무주사랑상품권,전북특별자치도,무주군,전북특별자치도 무주군 안성면 안성로 255  1층,,,,,2025-01-20
무주농특산물,무주사랑상품권,전북특별자치도,무주군,전북특별자치도 무주군 무주읍 단천로 165,,,,,2025-01-20
머리가예쁜미용실,무주사랑상품권,전북특별자치도,무주군,전북특별자치도 무주군 무주읍 주계로 118,,,,,2025-01-20
곽다정이네,무주사랑상품권,전북특별자치도,무주군,전북특별자치도 무주군 무주읍 한풍루로 323,,,,,2025-01-20
무주시장(박선월),무주사랑상품권,전북특별자치도,무주군,전북특별자치도 무주군 무주읍 장터로 2,,,,,2025-01-20
두찜 무주점,무주사랑상품권,전북특별자치도,무주군,전북특별자치도 무주군 무주읍 당산강변로 224  1동 101-102호,,,,,2025-01-20
덕산주유소,무주사랑상품권,전북특별자치도,무주군,전북특별자치도 무주군 적상면 무주로 1129-20,,,,,2025-01-20
무주한양내과의원,무주사랑상품권,전북특별자치도,무주군,전북특별자치도 무주군 무주읍 한풍루로 351,,,,,2025-01-20
구천동한의원,무주사랑상품권,전북특별자치도,무주군,전북특별자치도 무주군 무주읍 주계로 8길 4,,,,,2025-01-20
폴몬트,무주사랑상품권,전북특별자치도,무주군,전북특별자치도 무주군 설천면 라제통문로 276-5,,,,,2025-01-20
무주시장(이현숙),무주사랑상품권,전북특별자치도,무주군,전북특별자치도 무주군 무주읍 장터로 2,,,,,2025-01-20
만물상회,무주사랑상품권,전북특별자치도,무주군,전북특별자치도 무주군 부남면 부남로 1788,,,,,2025-01-20
라벤더트리,무주사랑상품권,전북특별자치도,무주군,전북특별자치도 무주군 설천면 만선로 185(카니발상가3동),,,,,2025-01-20
동신지물,무주사랑상품권,전북특별자치도,무주군,전북특별자치도 무주군 무풍면 현내로 197-2,,,,,2025-01-20
지에스25 무주덕유산점,무주사랑상품권,전북특별자치도,무주군,전북특별자치도 무주군 설천면 구천동1로 95,,,,,2025-01-20
무풍가스,무주사랑상품권,전북특별자치도,무주군,전북특별자치도 무주군 무풍면 현내로 267-12,,,,,2025-01-20
모심수학교습소,무주사랑상품권,전북특별자치도,무주군,전북특별자치도 무주군 설천면 삼도봉로 20  2층,,,,,2025-01-20
성모외과의원,무주사랑상품권,전북특별자치도,무주군,전북특별자치도 무주군 설천면 무설로 1583,,,,,2025-01-20
팜 한농대리점,무주사랑상품권,전북특별자치도,무주군,전북특별자치도 무주군 안성면 마암길 83-2,,,,,2025-01-20
호미건강원,무주사랑상품권,전북특별자치도,무주군,전북특별자치도 무주군 무풍면 현내로 209-1,,,,,2025-01-20
무릉도원후도인성학교,무주사랑상품권,전북특별자치도,무주군,전북특별자치도 무주군 무주읍 내도로 356,,,,,2025-01-20
헤라침구,무주사랑상품권,전북특별자치도,무주군,전북특별자치도 무주군 무주읍 단천로 55-1,,,,,2025-01-20
지에스25 무주구천점,무주사랑상품권,전북특별자치도,무주군,전북특별자치도 무주군 설천면 구천동로 892,,,,,2025-01-20
명륜진사갈비 무주점,무주사랑상품권,전북특별자치도,무주군,전북특별자치도 무주군 무주읍 단천로 151  1층,,,,,2025-01-20
과외(임나라),무주사랑상품권,전북특별자치도,무주군,전북특별자치도 무주군 무주읍 향한로2길 5,,,,,2025-01-20
소명,무주사랑상품권,전북특별자치도,무주군,전북특별자치도 무주군 안성면 안성로 275-8  1층,,,,,2025-01-20
술은 먹고 다니냐?,무주사랑상품권,전북특별자치도,무주군,전북특별자치도 무주군 설천면 구천동1로 95,,,,,2025-01-20
농업회사법인 유한회사 덕유,무주사랑상품권,전북특별자치도,무주군,전북특별자치도 무주군 안성면 장무로 1375-7,,,,,2025-01-20
구천식당,무주사랑상품권,전북특별자치도,무주군,전북특별자치도 무주군 설천면 무설로 1597,,,,,2025-01-20
구천건재상회,무주사랑상품권,전북특별자치도,무주군,전북특별자치도 무주군 설천면 무설로 1568,,,,,2025-01-20
시온건축설비,무주사랑상품권,전북특별자치도,무주군,전북특별자치도 무주군 설천면 무설로 1575-1,,,,,2025-01-20
무주시장(이광우),무주사랑상품권,전북특별자치도,무주군,전북특별자치도 무주군 무주읍 장터로 2,,,,,2025-01-20
윤식당 앤 윤카페,무주사랑상품권,전북특별자치도,무주군,전북특별자치도 무주군 안성면 칠연로 523,,,,,2025-01-20
서울우유,무주사랑상품권,전북특별자치도,무주군,전북특별자치도 무주군 무주읍 주계로 130,,,,,2025-01-20
약속다방,무주사랑상품권,전북특별자치도,무주군,전북특별자치도 무주군 무주읍 적천로 277  2층,,,,,2025-01-20
우리종합농기계,무주사랑상품권,전북특별자치도,무주군,전북특별자치도 무주군 무풍면 온월길 1,,,,,2025-01-20
구천동건강원,무주사랑상품권,전북특별자치도,무주군,,전북특별자치도 무주군 안성면 장기리 1547-27,,,,2025-01-20
KG무주점,무주사랑상품권,전북특별자치도,무주군,전북특별자치도 무주군 무주읍 당산강변로 162,,,,,2025-01-20
강호건재,무주사랑상품권,전북특별자치도,무주군,전북특별자치도 무주군 설천면 무설로 1631,,,,,2025-01-20
농업회사법인 주식회사 붉은진주,무주사랑상품권,전북특별자치도,무주군,전북특별자치도 무주군 무주읍 단천로 68,,,,,2025-01-20
무주반딧불투어,무주사랑상품권,전북특별자치도,무주군,전북특별자치도 무주군 무주읍 단천로 34,,,,,2025-01-20
형제농자재,무주사랑상품권,전북특별자치도,무주군,전북특별자치도 무주군 무풍면 실미길 3,,,,,2025-01-20
중앙종합화장품,무주사랑상품권,전북특별자치도,무주군,전북특별자치도 무주군 안성면 칠연로 47-8,,,,,2025-01-20
씨유 무주한풍루점,무주사랑상품권,전북특별자치도,무주군,전북특별자치도 무주군 무주읍 한풍루로 323 CU편의점,,,,,2025-01-20
행운건강원,무주사랑상품권,전북특별자치도,무주군,전북특별자치도 무주군 안성면 안성로 309,,,,,2025-01-20
금강파워레저,무주사랑상품권,전북특별자치도,무주군,전북특별자치도 무주군 부남면 무금로 721,,,,,2025-01-20
산그리메,무주사랑상품권,전북특별자치도,무주군,전북특별자치도 무주군 무주읍 향로산로 332  1층,,,,,2025-01-20
무주시장(갈도순),무주사랑상품권,전북특별자치도,무주군,전북특별자치도 무주군 무주읍 장터로 2,,,,,2025-01-20
삼성식당,무주사랑상품권,전북특별자치도,무주군,전북특별자치도 무주군 안성면 칠연로 37  27호,,,,,2025-01-20
씨유무주하조사거리점,무주사랑상품권,전북특별자치도,무주군,전북특별자치도 무주군 적상면 치마재로 470,,,,,2025-01-20
우리식당,무주사랑상품권,전북특별자치도,무주군,전북특별자치도 무주군 설천면 삼도봉로 16,,,,,2025-01-20
궁전식당,무주사랑상품권,전북특별자치도,무주군,전북특별자치도 무주군 설천면 무설로 1604-1,,,,,2025-01-20
아쉬탕가요가아카데미,무주사랑상품권,전북특별자치도,무주군,전북특별자치도 무주군 무주읍 단천로 99  3층 301호,,,,,2025-01-20
반딧불순대,무주사랑상품권,전북특별자치도,무주군,전북특별자치도 무주군 무주읍 장터로 2,,,,,2025-01-20
설천농약사,무주사랑상품권,전북특별자치도,무주군,전북특별자치도 무주군 설천면 무설로 1574,,,,,2025-01-20
무주주시장(윤충식),무주사랑상품권,전북특별자치도,무주군,전북특별자치도 무주군 무주읍 장터로 2,,,,,2025-01-20
무주시장(김인숙),무주사랑상품권,전북특별자치도,무주군,전북특별자치도 무주군 무주읍 장터로 2,,,,,2025-01-20
EDP무진장점,무주사랑상품권,전북특별자치도,무주군,전북특별자치도 무주군 안성면 장무로 1375-4,,,,,2025-01-20
여디디야 양봉원,무주사랑상품권,전북특별자치도,무주군,전북특별자치도 무주군 무주읍 장터로 26  101동 604호,,,,,2025-01-20
픽스기획,무주사랑상품권,전북특별자치도,무주군,전북특별자치도 무주군 무주읍 주계로 65,,,,,2025-01-20
김삿갓,무주사랑상품권,전북특별자치도,무주군,전북특별자치도 무주군 설천면 하평지길 5,,,,,2025-01-20
가든카페명천마루,무주사랑상품권,전북특별자치도,무주군,전북특별자치도 무주군 안성면 원통사로 373-7,,,,,2025-01-20
멕시카나치킨,무주사랑상품권,전북특별자치도,무주군,전북특별자치도 무주군 안성면 칠연로 41,,,,,2025-01-20
CJ대한통운 적상취급점,무주사랑상품권,전북특별자치도,무주군,전북특별자치도 무주군 무주읍 단천로4길 19  103호 (한솔주택),,,,,2025-01-20
반딧불 된장&middot;고추장,무주사랑상품권,전북특별자치도,무주군,전북특별자치도 무주군 부남면 율소길 33,,,,,2025-01-20
씨크릿,무주사랑상품권,전북특별자치도,무주군,전북특별자치도 무주군 무주읍 적천로 331,,,,,2025-01-20
금사정미소,무주사랑상품권,전북특별자치도,무주군,전북특별자치도 무주군 안성면 안성로 550-6,,,,,2025-01-20
세븐일레븐 무주반딧불점,무주사랑상품권,전북특별자치도,무주군,전북특별자치도 무주군 무주읍 신교로3길 10,,,,,2025-01-20
손꾹꾹 관리샵,무주사랑상품권,전북특별자치도,무주군,전북특별자치도 무주군 무주읍 주계로 132,,,,,2025-01-20
대중회관,무주사랑상품권,전북특별자치도,무주군,전북특별자치도 무주군 안성면 안성로 295-1,,,,,2025-01-20
홈크린 세탁전문점,무주사랑상품권,전북특별자치도,무주군,전북특별자치도 무주군 무주읍 주계로 132,,,,,2025-01-20
태조식육점,무주사랑상품권,전북특별자치도,무주군,전북특별자치도 무주군 무풍면 라제통문로 1067-5,,,,,2025-01-20
덕유산주유소,무주사랑상품권,전북특별자치도,무주군,전북특별자치도 무주군 적상면 치마재로 447,,,,,2025-01-20
나래맛집,무주사랑상품권,전북특별자치도,무주군,전북특별자치도 무주군 안성면 칠연로 38  4호,,,,,2025-01-20
무주화이트펜션,무주사랑상품권,전북특별자치도,무주군,전북특별자치도 무주군 설천면 구천동로 1079-9,,,,,2025-01-20
스마트 스키 콘도,무주사랑상품권,전북특별자치도,무주군,전북특별자치도 무주군 설천면 만선로 46,,,,,2025-01-20
무주연합치과,무주사랑상품권,전북특별자치도,무주군,전북특별자치도 무주군 무주읍 한풍루로 351  2층,,,,,2025-01-20
정가네 건강원,무주사랑상품권,전북특별자치도,무주군,전북특별자치도 무주군 안성면 칠연로 23 1층,,,,,2025-01-20
보석,무주사랑상품권,전북특별자치도,무주군,전북특별자치도 무주군 무주읍 주계로 123-1,,,,,2025-01-20
스카이스키샵,무주사랑상품권,전북특별자치도,무주군,전북특별자치도 무주군 설천면 구천동로 1063,,,,,2025-01-20
현대사진관,무주사랑상품권,전북특별자치도,무주군,전북특별자치도 무주군 무주읍 주계로 111-1,,,,,2025-01-20
솔빛길가든,무주사랑상품권,전북특별자치도,무주군,전북특별자치도 무주군 설천면 라제통문로 299,,,,,2025-01-20
설천기름집,무주사랑상품권,전북특별자치도,무주군,전북특별자치도 무주군 설천면 삼도봉로 10,,,,,2025-01-20
남원식당,무주사랑상품권,전북특별자치도,무주군,전북특별자치도 무주군 안성면 칠연로 38,,,,,2025-01-20
장원도배방,무주사랑상품권,전북특별자치도,무주군,전북특별자치도 무주군 안성면 칠연로 38  10호 (덕유산장터),,,,,2025-01-20
덕유산상인회(허인철),무주사랑상품권,전북특별자치도,무주군,전북특별자치도 무주군 안성면 칠연로 38,,,,,2025-01-20
하늘땅펜션,무주사랑상품권,전북특별자치도,무주군,전북특별자치도 무주군 설천면 구천동로 966-10,,,,,2025-01-20
무주과수영농조합법인,무주사랑상품권,전북특별자치도,무주군,전북특별자치도 무주군 무주읍 한풍루로 249-25,,,,,2025-01-20
씨유무주설천점,무주사랑상품권,전북특별자치도,무주군,전북특별자치도 무주군 설천면 무설로 1587,,,,,2025-01-20
현대떡방아간,무주사랑상품권,전북특별자치도,무주군,전북특별자치도 무주군 안성면 안성로 296,,,,,2025-01-20
벧엘대리점,무주사랑상품권,전북특별자치도,무주군,전북특별자치도 무주군 안성면 안성로 277,,,,,2025-01-20
씨유 무주그린점,무주사랑상품권,전북특별자치도,무주군,전북특별자치도 무주군 설천면 구천동1로 1,,,,,2025-01-20
정원산책 카페,무주사랑상품권,전북특별자치도,무주군,전북특별자치도 무주군 안성면 덕유산로 468-37  1층,,,,,2025-01-20
올림픽주유소,무주사랑상품권,전북특별자치도,무주군,전북특별자치도 무주군 적상면 치마재로 165,,,,,2025-01-20
코코이엔씨(COCO ENC),무주사랑상품권,전북특별자치도,무주군,전북특별자치도 무주군 설천면 라제통문로 276-5,,,,,2025-01-20
씨유무주안성점,무주사랑상품권,전북특별자치도,무주군,전북특별자치도 무주군 안성면 안성로 291-1,,,,,2025-01-20
가위소리미용실,무주사랑상품권,전북특별자치도,무주군,전북특별자치도 무주군 무주읍 주게로 57,,,,,2025-01-20
금강타일,무주사랑상품권,전북특별자치도,무주군,전북특별자치도 무주군 무주읍 당산강변로 84,,,,,2025-01-20
바다횟집,무주사랑상품권,전북특별자치도,무주군,전북특별자치도 무주군 무주읍 주계로 128-1  1층,,,,,2025-01-20
무주허스키,무주사랑상품권,전북특별자치도,무주군,전북특별자치도 무주군 설천면 만선로 48  1층,,,,,2025-01-20
무주짬뽕,무주사랑상품권,전북특별자치도,무주군,전북특별자치도 무주군 무주읍 주계로8길 12,,,,,2025-01-20
천마루,무주사랑상품권,전북특별자치도,무주군,전북특별자치도 무주군 안성면 장무로 1730,,,,,2025-01-20
맨션531펜션,무주사랑상품권,전북특별자치도,무주군,전북특별자치도 무주군 안성면 칠연로 531,,,,,2025-01-20
안성젓갈,무주사랑상품권,전북특별자치도,무주군,전북특별자치도 무주군 안성면 칠연로 38  12호,,,,,2025-01-20
닥엔돈스 쪽갈비 치킨,무주사랑상품권,전북특별자치도,무주군,전북특별자치도 무주군 무주읍 단천로 76,,,,,2025-01-20
옛날 삼겹살,무주사랑상품권,전북특별자치도,무주군,전북특별자치도 무주군 무주읍 단천로 69,,,,,2025-01-20
구천동복분자,무주사랑상품권,전북특별자치도,무주군,전북특별자치도 무주군 무풍면 금척로 63,,,,,2025-01-20
신진오토바이센타,무주사랑상품권,전북특별자치도,무주군,전북특별자치도 무주군 무주읍 주계로3길 6,,,,,2025-01-20
올림픽스포츠,무주사랑상품권,전북특별자치도,무주군,전북특별자치도 무주군 무주읍 주계로 66,,,,,2025-01-20
예뿌고,무주사랑상품권,전북특별자치도,무주군,전북특별자치도 무주군 무주읍 단천로 4길 5,,,,,2025-01-20
띠앗,무주사랑상품권,전북특별자치도,무주군,전북특별자치도 무주군 무주읍 주계로 116-1,,,,,2025-01-20
제일이용원,무주사랑상품권,전북특별자치도,무주군,전북특별자치도 무주군 무주읍 주계로 120,,,,,2025-01-20
흥진상회,무주사랑상품권,전북특별자치도,무주군,,전북특별자치도 무주군 안성면 장기리 시장 1511,,,,2025-01-20
원촌주유소,무주사랑상품권,전북특별자치도,무주군,전북특별자치도 무주군 안성면 장무로 1371,,,,,2025-01-20
에스.에이.팜(S. A. farm),무주사랑상품권,전북특별자치도,무주군,전북특별자치도 무주군 무주읍 주계로 109-2  1층,,,,,2025-01-20
수정기공사,무주사랑상품권,전북특별자치도,무주군,전북특별자치도 무주군 안성면 궁대길 119,,,,,2025-01-20
농업회사법인 유한회사 신화,무주사랑상품권,전북특별자치도,무주군,전북특별자치도 무주군 설천면 소천강변로 138-5,,,,,2025-01-20
만두어때,무주사랑상품권,전북특별자치도,무주군,전북특별자치도 무주군 무주읍 향학로 56,,,,,2025-01-20
색연필,무주사랑상품권,전북특별자치도,무주군,전북특별자치도 무주군 무주읍 향한로 65,,,,,2025-01-20
안성반점,무주사랑상품권,전북특별자치도,무주군,전북특별자치도 무주군 안성면 안성로 291,,,,,2025-01-20
수원 생갈비,무주사랑상품권,전북특별자치도,무주군,전북특별자치도 무주군 무주읍 단천로 85  강산빌딩 1층 2호,,,,,2025-01-20
롯데리아 무주점,무주사랑상품권,전북특별자치도,무주군,전북특별자치도 무주군 무주읍 단천로 99,,,,,2025-01-20
덕유산 송어,무주사랑상품권,전북특별자치도,무주군,전북특별자치도 무주군 안성면 안성로 183-5,,,,,2025-01-20
대신마포상회,무주사랑상품권,전북특별자치도,무주군,전북특별자치도 무주군 안성면 칠연로 38  20호 (덕유산장터),,,,,2025-01-20
역돔횟집,무주사랑상품권,전북특별자치도,무주군,전북특별자치도 무주군 무주읍 한풍루로 387-7,,,,,2025-01-20
묘종,무주사랑상품권,전북특별자치도,무주군,전북특별자치도 무주군 무주읍 장터로 2,,,,,2025-01-20
강경젓갈,무주사랑상품권,전북특별자치도,무주군,전북특별자치도 무주군 무주읍 장터로 2,,,,,2025-01-20
황야,무주사랑상품권,전북특별자치도,무주군,전북특별자치도 무주군 무주읍 장터로 2,,,,,2025-01-20
올투영어교습소,무주사랑상품권,전북특별자치도,무주군,전북특별자치도 무주군 무주읍 한수로 27 1층 102호,,,,,2025-01-20
최연황공인중개사,무주사랑상품권,전북특별자치도,무주군,전북특별자치도 무주군 무주읍 향학로 27-1,,,,,2025-01-20
무주천마생산자영농조합법인,무주사랑상품권,전북특별자치도,무주군,전북특별자치도 무주군 안성면 장무로 1731,,,,,2025-01-20
보헤미안 밥소리,무주사랑상품권,전북특별자치도,무주군,전북특별자치도 무주군 무주읍 주계로 86-1,,,,,2025-01-20
전우공업사,무주사랑상품권,전북특별자치도,무주군,전북특별자치도 무주군 무주읍 무학로 213,,,,,2025-01-20
박동물병원,무주사랑상품권,전북특별자치도,무주군,전북특별자치도 무주군 무주읍 한풍루로 291,,,,,2025-01-20
성실샷시하늘창,무주사랑상품권,전북특별자치도,무주군,전북특별자치도 무주군 무주읍 한풍루로 290,,,,,2025-01-20
설천가스,무주사랑상품권,전북특별자치도,무주군,전북특별자치도 무주군 설천면 상평지길 33-17,,,,,2025-01-20
비비큐(BBQ) 태권도원점,무주사랑상품권,전북특별자치도,무주군,전북특별자치도 무주군 설천면 삼도봉로 14,,,,,2025-01-20
화월식당,무주사랑상품권,전북특별자치도,무주군,전북특별자치도 무주군 안성면 신촌길 20-2,,,,,2025-01-20
로젠택배,무주사랑상품권,전북특별자치도,무주군,전북특별자치도 무주군 안성면 칠연로 85,,,,,2025-01-20
반디탁구실,무주사랑상품권,전북특별자치도,무주군,전북특별자치도 무주군 무주읍 주계로8길 11,,,,,2025-01-20
옛골사철탕,무주사랑상품권,전북특별자치도,무주군,전북특별자치도 무주군 설천면 삼도봉로 11,,,,,2025-01-20
무주시장이불,무주사랑상품권,전북특별자치도,무주군,전북특별자치도 무주군 무주읍 주계로 51,,,,,2025-01-20
비젼스쿨,무주사랑상품권,전북특별자치도,무주군,전북특별자치도 무주군 무주읍 한수로 18,,,,,2025-01-20
로그라인,무주사랑상품권,전북특별자치도,무주군,전북특별자치도 무주군 안성면 안성로 283,,,,,2025-01-20
무주농협 친환경유통사업단,무주사랑상품권,전북특별자치도,무주군,전북특별자치도 무주군 안성면 중산길 26,,,,,2025-01-20
주식회사 무주현대상사,무주사랑상품권,전북특별자치도,무주군,전북특별자치도 무주군 무주읍 무학로 185,,,,,2025-01-20
홍.사.자 농장,무주사랑상품권,전북특별자치도,무주군,전북특별자치도 무주군 무주읍 장터로 2,,,,,2025-01-20
무주시장(임옥순),무주사랑상품권,전북특별자치도,무주군,전북특별자치도 무주군 무주읍 장터로 2,,,,,2025-01-20
무주시장(김상임),무주사랑상품권,전북특별자치도,무주군,전북특별자치도 무주군 무주읍 장터로 2,,,,,2025-01-20
홍명,무주사랑상품권,전북특별자치도,무주군,전북특별자치도 무주군 무주읍 신교로 14,,,,,2025-01-20
금강산,무주사랑상품권,전북특별자치도,무주군,전북특별자치도 무주군 무풍면 대덕산로 931-5,,,,,2025-01-20
형제슈퍼,무주사랑상품권,전북특별자치도,무주군,전북특별자치도 무주군 설천면 무설로 1572,,,,,2025-01-20
중앙당,무주사랑상품권,전북특별자치도,무주군,전북특별자치도 무주군 무주읍 주계로 113-1,,,,,2025-01-20
소예공방,무주사랑상품권,전북특별자치도,무주군,전북특별자치도 무주군 무주읍 신교로3길 10 102동 605호,,,,,2025-01-20
중앙반점,무주사랑상품권,전북특별자치도,무주군,전북특별자치도 무주군 안성면 안성로 282-1,,,,,2025-01-20
카루시아단,무주사랑상품권,전북특별자치도,무주군,전북특별자치도 무주군 설천면 무설로 1553,,,,,2025-01-20
임실치즈피자,무주사랑상품권,전북특별자치도,무주군,전북특별자치도 무주군 무주읍 향학로 44,,,,,2025-01-20
수원곰탕 국수마을포차,무주사랑상품권,전북특별자치도,무주군,전북특별자치도 무주군 안성면 안성로 282,,,,,2025-01-20
광산주유소,무주사랑상품권,전북특별자치도,무주군,전북특별자치도 무주군 무주읍 무학로 26,,,,,2025-01-20
청운개발,무주사랑상품권,전북특별자치도,무주군,전북특별자치도 무주군 무주읍 향한로 112,,,,,2025-01-20
유한회사성환건설,무주사랑상품권,전북특별자치도,무주군,전북특별자치도 무주군 무주읍 향한로 15,,,,,2025-01-20
설천패션아울렛,무주사랑상품권,전북특별자치도,무주군,전북특별자치도 무주군 설천면 삼도봉로 7,,,,,2025-01-20
진강원,무주사랑상품권,전북특별자치도,무주군,전북특별자치도 무주군 무주읍 주계로 79,,,,,2025-01-20
무주해법영어학원,무주사랑상품권,전북특별자치도,무주군,전북특별자치도 무주군 무주읍 단천로5길 14,,,,,2025-01-20
위니드수학학원,무주사랑상품권,전북특별자치도,무주군,전북특별자치도 무주군 무주읍 한수로1길 4,,,,,2025-01-20
왕자이발관,무주사랑상품권,전북특별자치도,무주군,전북특별자치도 무주군 무주읍 주계로 94,,,,,2025-01-20
세미음악학원,무주사랑상품권,전북특별자치도,무주군,전북특별자치도 무주군 무주읍 단천로5길 10,,,,,2025-01-20
학표페인트,무주사랑상품권,전북특별자치도,무주군,전북특별자치도 무주군 무주읍 주계로 70-1,,,,,2025-01-20
적상편의점,무주사랑상품권,전북특별자치도,무주군,전북특별자치도 무주군 적상면 적상산로 7,,,,,2025-01-20
동방이발관,무주사랑상품권,전북특별자치도,무주군,,전북특별자치도 무주군 무주읍 읍내리 1229,,,,2025-01-20
반디종합중기,무주사랑상품권,전북특별자치도,무주군,전북특별자치도 무주군 무주읍 왕정길 74,,,,,2025-01-20
금강건재,무주사랑상품권,전북특별자치도,무주군,전북특별자치도 무주군 무주읍 한풍루로 347,,,,,2025-01-20
앞섬건강원,무주사랑상품권,전북특별자치도,무주군,전북특별자치도 무주군 무주읍 장터로 2,,,,,2025-01-20
민주숙녀복,무주사랑상품권,전북특별자치도,무주군,전북특별자치도 무주군 무주읍 장터로 2,,,,,2025-01-20
옥이생활용품,무주사랑상품권,전북특별자치도,무주군,전북특별자치도 무주군 무주읍 장터로 2,,,,,2025-01-20
무주시장(김남희),무주사랑상품권,전북특별자치도,무주군,전북특별자치도 무주군 무주읍 장터로 2,,,,,2025-01-20
무주시장(이종애),무주사랑상품권,전북특별자치도,무주군,전북특별자치도 무주군 무주읍 장터로 2,,,,,2025-01-20
대복상회,무주사랑상품권,전북특별자치도,무주군,전북특별자치도 무주군 무주읍 장터로 2,,,,,2025-01-20
달빛공방,무주사랑상품권,전북특별자치도,무주군,전북특별자치도 무주군 무주읍 장터로 2,,,,,2025-01-20
자야기물센터,무주사랑상품권,전북특별자치도,무주군,전북특별자치도 무주군 무주읍 장터로 2,,,,,2025-01-20
무주시장(이상을),무주사랑상품권,전북특별자치도,무주군,전북특별자치도 무주군 무주읍 장터로 2,,,,,2025-01-20
해노리,무주사랑상품권,전북특별자치도,무주군,전북특별자치도 무주군 무주읍 장터로 2,,,,,2025-01-20
모두랑팻션,무주사랑상품권,전북특별자치도,무주군,전북특별자치도 무주군 무주읍 장터로 2,,,,,2025-01-20
개인택시,무주사랑상품권,전북특별자치도,무주군,전북특별자치도 무주군 적상면 적상산로 32-1,,,,,2025-01-20
무주반디인력,무주사랑상품권,전북특별자치도,무주군,전북특별자치도 무주군 무주읍 주계로143-1,,,,,2025-01-20
북경반점,무주사랑상품권,전북특별자치도,무주군,전북특별자치도 무주군 안성면 안성로 311,,,,,2025-01-20
신흥공업사,무주사랑상품권,전북특별자치도,무주군,전북특별자치도 무주군 안성면 안성로 232,,,,,2025-01-20
안성카센타,무주사랑상품권,전북특별자치도,무주군,전북특별자치도 무주군 안성면 안성로 334,,,,,2025-01-20
투투당구클럽,무주사랑상품권,전북특별자치도,무주군,전북특별자치도 무주군 무주읍 단천로 100  2층,,,,,2025-01-20
신세계미용실,무주사랑상품권,전북특별자치도,무주군,전북특별자치도 무주군 안성면 신촌길 8,,,,,2025-01-20
지엔비(GnB)어학원,무주사랑상품권,전북특별자치도,무주군,전북특별자치도 무주군 무주읍 향한로2길 7,,,,,2025-01-20
대동닭집,무주사랑상품권,전북특별자치도,무주군,전북특별자치도 무주군 안성면 칠연로 40,,,,,2025-01-20
재단법인 무주산골문화재단,무주사랑상품권,전북특별자치도,무주군,전북특별자치도 무주군 무주읍 한풍루로 326-17 (무주예체문화회관2층),,,,,2025-01-20
개인택시,무주사랑상품권,전북특별자치도,무주군,전북특별자치도 무주군 무주읍 상장백길 12-12,,,,,2025-01-20
유한회사 가온,무주사랑상품권,전북특별자치도,무주군,전북특별자치도 무주군 무주읍 주계로 112 2층 202호,,,,,2025-01-20
풀하우스,무주사랑상품권,전북특별자치도,무주군,전북특별자치도 무주군 무주읍 한풍루로 351,,,,,2025-01-20
(유)무주자동차공업사,무주사랑상품권,전북특별자치도,무주군,전북특별자치도 무주군 무주읍 무금로 200,,,,,2025-01-20
흥부야식,무주사랑상품권,전북특별자치도,무주군,전북특별자치도 무주군 무주읍 주계로8길 8-1  2층,,,,,2025-01-20
세븐일레븐 무주의료원점,무주사랑상품권,전북특별자치도,무주군,전북특별자치도 무주군 무주읍 한풍루로 407,,,,,2025-01-20
동영슈퍼,무주사랑상품권,전북특별자치도,무주군,전북특별자치도 무주군 무주읍 단천로 163,,,,,2025-01-20
대신종합카센타,무주사랑상품권,전북특별자치도,무주군,전북특별자치도 무주군 무주읍 한풍루로 401,,,,,2025-01-20
탑냉동,무주사랑상품권,전북특별자치도,무주군,전북특별자치도 무주군 적상면 삼방로 234-10,,,,,2025-01-20
파인트리하우스,무주사랑상품권,전북특별자치도,무주군,전북특별자치도 무주군 설천면 구천동로 882,,,,,2025-01-20
농업회사법인 유한회사 아람,무주사랑상품권,전북특별자치도,무주군,전북특별자치도 무주군 무주읍 한풍루로 387-8  209호,,,,,2025-01-20
영미용실,무주사랑상품권,전북특별자치도,무주군,전북특별자치도 무주군 안성면 안성로 275-8,,,,,2025-01-20
덕유산 순두부식당,무주사랑상품권,전북특별자치도,무주군,전북특별자치도 무주군 안성면 칠연로 38  29호(덕유산장터),,,,,2025-01-20
레드골프실내연습장,무주사랑상품권,전북특별자치도,무주군,,전북특별자치도 무주군 무주읍 향로산 7,,,,2025-01-20
칠복상회,무주사랑상품권,전북특별자치도,무주군,전북특별자치도 무주군 안성면 칠연로 38(16 17호),,,,,2025-01-20
(주)태일건설,무주사랑상품권,전북특별자치도,무주군,전북특별자치도 무주군 무주읍 주계로 112  2층 203호,,,,,2025-01-20
(주)삼성전기,무주사랑상품권,전북특별자치도,무주군,전북특별자치도 무주군 무주읍 한풍루로 289,,,,,2025-01-20
적상슈퍼,무주사랑상품권,전북특별자치도,무주군,전북특별자치도 무주군 적상면 적상산로 29,,,,,2025-01-20
무풍승지 영농조합법인 샹그릴라,무주사랑상품권,전북특별자치도,무주군,전북특별자치도 무주군 무풍면 철목1길 9,,,,,2025-01-20
구천동농협 구천지점,무주사랑상품권,전북특별자치도,무주군,전북특별자치도 무주군 설천면 구천동1로 15,,,,,2025-01-20
유한회사 수목산업,무주사랑상품권,전북특별자치도,무주군,전북특별자치도 무주군 무주읍 단천로 157,,,,,2025-01-20
태양종합농건자재,무주사랑상품권,전북특별자치도,무주군,전북특별자치도 무주군 무주읍 주계로 81,,,,,2025-01-20
씨유무주행복점,무주사랑상품권,전북특별자치도,무주군,전북특별자치도 무주군 무주읍 향학로 67(336-8),,,,,2025-01-20
농심제분,무주사랑상품권,전북특별자치도,무주군,전북특별자치도 무주군 안성면 안성로 307,,,,,2025-01-20
개인택시,무주사랑상품권,전북특별자치도,무주군,전북특별자치도 무주군 적상면 적상산로 30,,,,,2025-01-20
랜드측량설계사무소,무주사랑상품권,전북특별자치도,무주군,전북특별자치도 무주군 무주읍 단천로 47-2  1층 101호,,,,,2025-01-20
제이에스산업,무주사랑상품권,전북특별자치도,무주군,전북특별자치도 무주군 무주읍 주계로5길 4,,,,,2025-01-20
송가네영양탕,무주사랑상품권,전북특별자치도,무주군,전북특별자치도 무주군 무주읍 주계로5길 14-7,,,,,2025-01-20
물망초양품점,무주사랑상품권,전북특별자치도,무주군,전북특별자치도 무주군 무주읍 적천로 329  1층,,,,,2025-01-20
성심주유소,무주사랑상품권,전북특별자치도,무주군,전북특별자치도 무주군 무주읍 무학로 171,,,,,2025-01-20
아이엠 영어교습소,무주사랑상품권,전북특별자치도,무주군,전북특별자치도 무주군 무주읍 신교로3길 10  105동 1호 상가,,,,,2025-01-20
한빛 O. A,무주사랑상품권,전북특별자치도,무주군,전북특별자치도 무주군 무주읍 단천로 109,,,,,2025-01-20
무주무인모텔,무주사랑상품권,전북특별자치도,무주군,전북특별자치도 무주군 적상면 사내로 49  2층,,,,,2025-01-20
천마레저,무주사랑상품권,전북특별자치도,무주군,전북특별자치도 무주군 부남면 하굴암길 85  다동,,,,,2025-01-20
무주농산,무주사랑상품권,전북특별자치도,무주군,,전북특별자치도 무주군 무주읍 당산리 727,,,,2025-01-20
CU무주반딧불점,무주사랑상품권,전북특별자치도,무주군,전북특별자치도 무주군 무주읍 단천로 37,,,,,2025-01-20
DOK EVENT 기획,무주사랑상품권,전북특별자치도,무주군,전북특별자치도 무주군 무주읍 주계로 40-17,,,,,2025-01-20
귀뚜라미무주A/S점,무주사랑상품권,전북특별자치도,무주군,전북특별자치도 무주군 무주읍 단천로 119-1,,,,,2025-01-20
라이브풍경민박,무주사랑상품권,전북특별자치도,무주군,전북특별자치도 무주군 부남면 굴암로 48,,,,,2025-01-20
무주시장(최봉순),무주사랑상품권,전북특별자치도,무주군,전북특별자치도 무주군 무주읍 장터로 2,,,,,2025-01-20
태양고추,무주사랑상품권,전북특별자치도,무주군,전북특별자치도 무주군 무주읍 장터로 2,,,,,2025-01-20
바다생선건어물,무주사랑상품권,전북특별자치도,무주군,전북특별자치도 무주군 무주읍 장터로 2,,,,,2025-01-20
천흥이용원,무주사랑상품권,전북특별자치도,무주군,전북특별자치도 무주군 무주읍 주계로 85,,,,,2025-01-20
세번째 펜션 (더하루야영장),무주사랑상품권,전북특별자치도,무주군,전북특별자치도 무주군 무풍면 구천동로 541,,,,,2025-01-20
CU 무주리조트 삼거리점,무주사랑상품권,전북특별자치도,무주군,전북특별자치도 무주군 설천면 구천동로 1099,,,,,2025-01-20
씨유 무주일번지점,무주사랑상품권,전북특별자치도,무주군,전북특별자치도 무주군 설천면 만선로 62,,,,,2025-01-20
GS25 무주설천점,무주사랑상품권,전북특별자치도,무주군,전북특별자치도 무주군 설천면 무설로 1587,,,,,2025-01-20
세븐일레븐 무주리버캐슬점,무주사랑상품권,전북특별자치도,무주군,전북특별자치도 무주군 무주읍 당산강변로 240  104호,,,,,2025-01-20
국제모터,무주사랑상품권,전북특별자치도,무주군,전북특별자치도 무주군 무주읍 주계로 65,,,,,2025-01-20
SM소망산업,무주사랑상품권,전북특별자치도,무주군,전북특별자치도 무주군 무주읍 당산강변로 64-7  2동,,,,,2025-01-20
대신화물택배,무주사랑상품권,전북특별자치도,무주군,전북특별자치도 무주군 무주읍 우명길 7,,,,,2025-01-20
삼성종합자동차공업사,무주사랑상품권,전북특별자치도,무주군,전북특별자치도 무주군 적상면 서창로 28,,,,,2025-01-20
GS25 무주중앙점,무주사랑상품권,전북특별자치도,무주군,전북특별자치도 무주군 무주읍 단천로 99  1동 105호,,,,,2025-01-20
브랑코,무주사랑상품권,전북특별자치도,무주군,전북특별자치도 무주군 무주읍 당산강변로 240  1층 104호,,,,,2025-01-20
세븐일레븐 무주군청점,무주사랑상품권,전북특별자치도,무주군,전북특별자치도 무주군 무주읍 주계로 95,,,,,2025-01-20
일공사,무주사랑상품권,전북특별자치도,무주군,전북특별자치도 무주군 안성면 안성로 315,,,,,2025-01-20
중앙농자재,무주사랑상품권,전북특별자치도,무주군,전북특별자치도 무주군 안성면 시장윗길 7,,,,,2025-01-20
형제공업사,무주사랑상품권,전북특별자치도,무주군,전북특별자치도 무주군 안성면 안성로 310,,,,,2025-01-20
무주농협 안성지점,무주사랑상품권,전북특별자치도,무주군,전북특별자치도 무주군 안성면 안성로 280,,,,,2025-01-20
만물상회,무주사랑상품권,전북특별자치도,무주군,전북특별자치도 무주군 안성면 칠연로 38  3호 (덕유산장터),,,,,2025-01-20
안성들풀 영농조합법인,무주사랑상품권,전북특별자치도,무주군,전북특별자치도 무주군 안성면 진성로 2581-6,,,,,2025-01-20
농업회사법인반딧불농산주식회사,무주사랑상품권,전북특별자치도,무주군,전북특별자치도 무주군 안성면 진성로 2581-6,,,,,2025-01-20
달동네슈퍼,무주사랑상품권,전북특별자치도,무주군,전북특별자치도 무주군 안성면 하산강변길 13,,,,,2025-01-20
신안기공사,무주사랑상품권,전북특별자치도,무주군,전북특별자치도 무주군 안성면 안성로 317,,,,,2025-01-20
천흥수퍼,무주사랑상품권,전북특별자치도,무주군,전북특별자치도 무주군 무주읍 주계로 76,,,,,2025-01-20
무주반딧불카페식당,무주사랑상품권,전북특별자치도,무주군,전북특별자치도 무주군 무주읍 장터로 2  1층,,,,,2025-01-20
한국정수기종합관리센터 청정수  동원샘물,무주사랑상품권,전북특별자치도,무주군,전북특별자치도 무주군 무주읍 장터로 2,,,,,2025-01-20
킬리,무주사랑상품권,전북특별자치도,무주군,전북특별자치도 무주군 무주읍 단천로 107,,,,,2025-01-20
대풍상사,무주사랑상품권,전북특별자치도,무주군,전북특별자치도 무주군 무주읍 주계로 78,,,,,2025-01-20
일성믿음농약사,무주사랑상품권,전북특별자치도,무주군,전북특별자치도 무주군 무주읍 주계로 76,,,,,2025-01-20
그림이있는 풍경,무주사랑상품권,전북특별자치도,무주군,전북특별자치도 무주군 무주읍 앞섬2길 31-5,,,,,2025-01-20
흥농종묘사,무주사랑상품권,전북특별자치도,무주군,전북특별자치도 무주군 무주읍 주계로4길 1,,,,,2025-01-20
선희네야식,무주사랑상품권,전북특별자치도,무주군,전북특별자치도 무주군 무주읍 주계로8길 8,,,,,2025-01-20
산마을영농조합법인,무주사랑상품권,전북특별자치도,무주군,전북특별자치도 무주군 부남면 상평당1길 6-8,,,,,2025-01-20
나드리김밥,무주사랑상품권,전북특별자치도,무주군,전북특별자치도 무주군 무주읍 주계로 88-1,,,,,2025-01-20
무주산골농장,무주사랑상품권,전북특별자치도,무주군,전북특별자치도 무주군 적상면 무주로 1081-9,,,,,2025-01-20
맥씨네,무주사랑상품권,전북특별자치도,무주군,전북특별자치도 무주군 적상면 서창로 89 (서창갤러리),,,,,2025-01-20
협동조합 공간,무주사랑상품권,전북특별자치도,무주군,전북특별자치도 무주군 적상면 서창로 89 (아름마을길 11),,,,,2025-01-20
유한회사 주송산업,무주사랑상품권,전북특별자치도,무주군,,전북특별자치도 무주군 무주읍 용포리 1435-2,,,,2025-01-20
축산정육점,무주사랑상품권,전북특별자치도,무주군,전북특별자치도 무주군 안성면 칠연로 49,,,,,2025-01-20
다사랑약국,무주사랑상품권,전북특별자치도,무주군,전북특별자치도 무주군 안성면 안성로 295,,,,,2025-01-20
무주주유소,무주사랑상품권,전북특별자치도,무주군,전북특별자치도 무주군 무주읍 한풍루로 280,,,,,2025-01-20
금강래프팅,무주사랑상품권,전북특별자치도,무주군,전북특별자치도 무주군 부남면 부남로 854,,,,,2025-01-20
덕유카센터,무주사랑상품권,전북특별자치도,무주군,전북특별자치도 무주군 안성면 안성로 321,,,,,2025-01-20
천마손짜장,무주사랑상품권,전북특별자치도,무주군,전북특별자치도 무주군 적상면 치마재로 70,,,,,2025-01-20
산성가든,무주사랑상품권,전북특별자치도,무주군,전북특별자치도 무주군 적상면 산성로 38,,,,,2025-01-20
미가한식,무주사랑상품권,전북특별자치도,무주군,전북특별자치도 무주군 설천면 구천동1로 95  A-5 1층,,,,,2025-01-20
장백쌀상회,무주사랑상품권,전북특별자치도,무주군,전북특별자치도 무주군 무주읍 단천로 80-1,,,,,2025-01-20
무주농업협동조합,무주사랑상품권,전북특별자치도,무주군,전북특별자치도 무주군 무주읍 단천로 91,,,,,2025-01-20
무진장축협 하나로마트 무주점,무주사랑상품권,전북특별자치도,무주군,전북특별자치도 무주군 무주읍 한풍루로 389,,,,,2025-01-20
무주이리스모텔,무주사랑상품권,전북특별자치도,무주군,전북특별자치도 무주군 무주읍 한풍루로 381-7,,,,,2025-01-20
반딧불한우촌,무주사랑상품권,전북특별자치도,무주군,전북특별자치도 무주군 안성면 구량천로 195,,,,,2025-01-20
용,무주사랑상품권,전북특별자치도,무주군,전북특별자치도 무주군 안성면 안성로 255 (1층),,,,,2025-01-20
동명장여관,무주사랑상품권,전북특별자치도,무주군,전북특별자치도 무주군 안성면 안성로 300,,,,,2025-01-20
자매식당,무주사랑상품권,전북특별자치도,무주군,전북특별자치도 무주군 안성면 구량천로 166,,,,,2025-01-20
천호가든,무주사랑상품권,전북특별자치도,무주군,전북특별자치도 무주군 안성면 칠연로 71-4,,,,,2025-01-20
대성헤어샵,무주사랑상품권,전북특별자치도,무주군,전북특별자치도 무주군 무주읍 적천로 281,,,,,2025-01-20
성림주유소,무주사랑상품권,전북특별자치도,무주군,전북특별자치도 무주군 무주읍 무설로 99,,,,,2025-01-20
동춘강변가든,무주사랑상품권,전북특별자치도,무주군,전북특별자치도 무주군 무주읍 무금로 523,,,,,2025-01-20
(유)무주철강골재,무주사랑상품권,전북특별자치도,무주군,전북특별자치도 무주군 무주읍 우명길 7,,,,,2025-01-20
숲골방앗간,무주사랑상품권,전북특별자치도,무주군,전북특별자치도 무주군 무주읍 한풍루로 374,,,,,2025-01-20
무주수련원,무주사랑상품권,전북특별자치도,무주군,전북특별자치도 무주군 무주읍 괴목로 1330,,,,,2025-01-20
무주흥국주유소,무주사랑상품권,전북특별자치도,무주군,전북특별자치도 무주군 적상면 괴목로 935,,,,,2025-01-20
산중스토리,무주사랑상품권,전북특별자치도,무주군,전북특별자치도 무주군 적상면 치마재로 15,,,,,2025-01-20
반딧불장터한우  활어회센터,무주사랑상품권,전북특별자치도,무주군,전북특별자치도 무주군 무주읍 장터로 2,,,,,2025-01-20
현성상회,무주사랑상품권,전북특별자치도,무주군,전북특별자치도 무주군 무주읍 장터로 2,,,,,2025-01-20
거북식당,무주사랑상품권,전북특별자치도,무주군,전북특별자치도 무주군 무주읍 장터로 2,,,,,2025-01-20
무주농협상곡지점,무주사랑상품권,전북특별자치도,무주군,전북특별자치도 무주군 적상면 괴목로 556,,,,,2025-01-20
터줏골장터,무주사랑상품권,전북특별자치도,무주군,전북특별자치도 무주군 무주읍 장터로 2,,,,,2025-01-20
무주용이자연약초,무주사랑상품권,전북특별자치도,무주군,전북특별자치도 무주군 무주읍 장터로 2  늦반디동 5호,,,,,2025-01-20
소문난순대,무주사랑상품권,전북특별자치도,무주군,전북특별자치도 무주군 무주읍 장터로 2  고딩동(외1필지),,,,,2025-01-20
에이치알푸드,무주사랑상품권,전북특별자치도,무주군,전북특별자치도 무주군 무주읍 장터로 2,,,,,2025-01-20
풀마트,무주사랑상품권,전북특별자치도,무주군,전북특별자치도 무주군 무주읍 단천로 104,,,,,2025-01-20
몽고반점,무주사랑상품권,전북특별자치도,무주군,전북특별자치도 무주군 설천면 무설로 1593,,,,,2025-01-20
다모일,무주사랑상품권,전북특별자치도,무주군,전북특별자치도 무주군 설천면 구천동로 1071 1층,,,,,2025-01-20
구천동주유소,무주사랑상품권,전북특별자치도,무주군,전북특별자치도 무주군 설천면 무설로 1567,,,,,2025-01-20
슬로공동체부남 영농조합법인,무주사랑상품권,전북특별자치도,무주군,전북특별자치도 무주군 부남면 대소길 24-10  1층,,,,,2025-01-20
무지개농장,무주사랑상품권,전북특별자치도,무주군,전북특별자치도 무주군 부남면 대소길 37-5,,,,,2025-01-20
반디농산영농조합법인,무주사랑상품권,전북특별자치도,무주군,전북특별자치도 무주군 부남면 유섬길 166-3,,,,,2025-01-20
장백주유소,무주사랑상품권,전북특별자치도,무주군,전북특별자치도 무주군 무주읍 무설로 491,,,,,2025-01-20
무주한의원,무주사랑상품권,전북특별자치도,무주군,전북특별자치도 무주군 무주읍 단천로 93,,,,,2025-01-20
썸PC방  퍼펙트싱어 코인 노래연습장,무주사랑상품권,전북특별자치도,무주군,전북특별자치도 무주군 무주읍 단천로 99  2층,,,,,2025-01-20
비상잉글리시아이학원,무주사랑상품권,전북특별자치도,무주군,전북특별자치도 무주군 무주읍 향학로 38  2층,,,,,2025-01-20
운교카페,무주사랑상품권,전북특별자치도,무주군,전북특별자치도 무주군 무주읍 주계로 93-2,,,,,2025-01-20
개인택시,무주사랑상품권,전북특별자치도,무주군,전북특별자치도 무주군 무주읍 단천로 51,,,,,2025-01-20
건축목공소,무주사랑상품권,전북특별자치도,무주군,전북특별자치도 무주군 무주읍 단천로 121,,,,,2025-01-20
미래종합광고기획,무주사랑상품권,전북특별자치도,무주군,전북특별자치도 무주군 무주읍 주계로 144,,,,,2025-01-20
신진이발관,무주사랑상품권,전북특별자치도,무주군,전북특별자치도 무주군 무주읍 주계로 127,,,,,2025-01-20
프로모터샵,무주사랑상품권,전북특별자치도,무주군,전북특별자치도 무주군 무주읍 단천로 118,,,,,2025-01-20
도토리,무주사랑상품권,전북특별자치도,무주군,전북특별자치도 무주군 무주읍 단천로 99  104호,,,,,2025-01-20
무주그린모텔,무주사랑상품권,전북특별자치도,무주군,전북특별자치도 무주군 무주읍 주계로 137,,,,,2025-01-20
다숲펜션,무주사랑상품권,전북특별자치도,무주군,전북특별자치도 무주군 설천면 구천동1로 149,,,,,2025-01-20
무주농협 적상지점,무주사랑상품권,전북특별자치도,무주군,전북특별자치도 무주군 적상면 적상산로 47,,,,,2025-01-20
무주농협 부남지점,무주사랑상품권,전북특별자치도,무주군,전북특별자치도 무주군 부남면 부남로 866-2,,,,,2025-01-20
백조세탁소,무주사랑상품권,전북특별자치도,무주군,,전북특별자치도 무주군 무주읍 읍내리 971,,,,2025-01-20
향토식당,무주사랑상품권,전북특별자치도,무주군,전북특별자치도 무주군 무주읍 단천로 78-4,,,,,2025-01-20
부산공업사,무주사랑상품권,전북특별자치도,무주군,전북특별자치도 무주군 무주읍 주계로4길 4,,,,,2025-01-20
강래구카공업사,무주사랑상품권,전북특별자치도,무주군,전북특별자치도 무주군 무주읍 한풍루로 276,,,,,2025-01-20
반딧불태권도장,무주사랑상품권,전북특별자치도,무주군,전북특별자치도 무주군 무주읍 향학로 62,,,,,2025-01-20
탐앤탐스(TOM N TOMS),무주사랑상품권,전북특별자치도,무주군,전북특별자치도 무주군 설천면 만선로 185,,,,,2025-01-20
무주해물칼국수,무주사랑상품권,전북특별자치도,무주군,전북특별자치도 무주군 무주읍 평촌길 8,,,,,2025-01-20
김가네,무주사랑상품권,전북특별자치도,무주군,전북특별자치도 무주군 부남면 무금로 829,,,,,2025-01-20
반딧불반찬,무주사랑상품권,전북특별자치도,무주군,전북특별자치도 무주군 무주읍 한풍루로 389  1층 (무진장축협하나로마트),,,,,2025-01-20
홍보관전주일미가든(무주참숯),무주사랑상품권,전북특별자치도,무주군,,전북특별자치도 무주군 적상면 포내리 358,,,,2025-01-20
덕화빌딩,무주사랑상품권,전북특별자치도,무주군,전북특별자치도 무주군 무주읍 당산강변로 146,,,,,2025-01-20
날개달린옷,무주사랑상품권,전북특별자치도,무주군,전북특별자치도 무주군 무주읍 주계로 8길 7,,,,,2025-01-20
유수정미술학원,무주사랑상품권,전북특별자치도,무주군,전북특별자치도 무주군 무주읍 향학로 60,,,,,2025-01-20
무주천막사,무주사랑상품권,전북특별자치도,무주군,전북특별자치도 무주군 무주읍 주계로 83,,,,,2025-01-20
가브리엘 당구장,무주사랑상품권,전북특별자치도,무주군,전북특별자치도 무주군 무주읍 한풍루로 323 2층,,,,,2025-01-20
신라스포츠,무주사랑상품권,전북특별자치도,무주군,전북특별자치도 무주군 무주읍 당산강변로 240  1층 102호,,,,,2025-01-20
오복떡집,무주사랑상품권,전북특별자치도,무주군,전북특별자치도 무주군 무주읍 주계로 45,,,,,2025-01-20
주식회사 밀모,무주사랑상품권,전북특별자치도,무주군,전북특별자치도 무주군 적상면 밀모길 79-14  1층,,,,,2025-01-20
BHC무주태권도원점,무주사랑상품권,전북특별자치도,무주군,전북특별자치도 무주군 설천면 무설로 1583  1층,,,,,2025-01-20
㈜엠앤제이 무주스테이지점,무주사랑상품권,전북특별자치도,무주군,전북특별자치도 무주군 설천면 만선1로 116,,,,,2025-01-20
멕시카나 무주스키점,무주사랑상품권,전북특별자치도,무주군,전북특별자치도 무주군 설천면 구천동1로 101,,,,,2025-01-20
숲,무주사랑상품권,전북특별자치도,무주군,전북특별자치도 무주군 안성면 통안길 3,,,,,2025-01-20
소리빛피아노교습소,무주사랑상품권,전북특별자치도,무주군,전북특별자치도 무주군 무주읍 신교로3길 10  상가동1호,,,,,2025-01-20
작품하나 미용실,무주사랑상품권,전북특별자치도,무주군,전북특별자치도 무주군 안성면 안성로 294,,,,,2025-01-20
한양가정제통의원,무주사랑상품권,전북특별자치도,무주군,전북특별자치도 무주군 안성면 안성로 299,,,,,2025-01-20
무주공용터미널,무주사랑상품권,전북특별자치도,무주군,전북특별자치도 무주군 무주읍 한풍루로 351,,,,,2025-01-20
CJ대한통운 무주대리점,무주사랑상품권,전북특별자치도,무주군,전북특별자치도 무주군 무주읍 장터로 26  103동 1101호,,,,,2025-01-20
e편한스키,무주사랑상품권,전북특별자치도,무주군,전북특별자치도 무주군 설천면 만선로 8,,,,,2025-01-20
미성상사,무주사랑상품권,전북특별자치도,무주군,전북특별자치도 무주군 무주읍 한풍루로 323,,,,,2025-01-20
세움 크레인(신진안운수),무주사랑상품권,전북특별자치도,무주군,전북특별자치도 무주군 무주읍 무설로 103,,,,,2025-01-20
무주한우정육,무주사랑상품권,전북특별자치도,무주군,전북특별자치도 무주군 무주읍 무주로 1739 (무주IC만남의광장),,,,,2025-01-20
한결시스템,무주사랑상품권,전북특별자치도,무주군,전북특별자치도 무주군 무주읍 장터로 15,,,,,2025-01-20
백제지업사,무주사랑상품권,전북특별자치도,무주군,,전북특별자치도 무주군 무주읍 읍내리 877-2,,,,2025-01-20
무주운수(가나크레인),무주사랑상품권,전북특별자치도,무주군,전북특별자치도 무주군 무주읍 무설로 103,,,,,2025-01-20
무주오페라하우스펜션,무주사랑상품권,전북특별자치도,무주군,전북특별자치도 무주군 설천면 보안길 16-1,,,,,2025-01-20
보건약국,무주사랑상품권,전북특별자치도,무주군,전북특별자치도 무주군 무주읍 한풍루로 411,,,,,2025-01-20
단물식당,무주사랑상품권,전북특별자치도,무주군,전북특별자치도 무주군 무주읍 주계로 8길 9,,,,,2025-01-20
소이나루 쉼터,무주사랑상품권,전북특별자치도,무주군,전북특별자치도 무주군 무주읍 서면강변로 76,,,,,2025-01-20
㈜우진종합건설,무주사랑상품권,전북특별자치도,무주군,전북특별자치도 무주군 무주읍 신교로13 1동 1층 2호,,,,,2025-01-20
준 디자인,무주사랑상품권,전북특별자치도,무주군,전북특별자치도 무주군 무주읍 유속길 108,,,,,2025-01-20
주식회사 태건이엔씨,무주사랑상품권,전북특별자치도,무주군,전북특별자치도 무주군 무주읍 다양길 6  308호,,,,,2025-01-20
유한회사 제이에스건설,무주사랑상품권,전북특별자치도,무주군,전북특별자치도 무주군 무주읍 다양길 6  305호,,,,,2025-01-20
무주다(반딧불방앗간),무주사랑상품권,전북특별자치도,무주군,전북특별자치도 무주군 무주읍 주계로 125,,,,,2025-01-20
골목식당,무주사랑상품권,전북특별자치도,무주군,전북특별자치도 무주군 무주읍 주계로 126,,,,,2025-01-20
마실길식당,무주사랑상품권,전북특별자치도,무주군,전북특별자치도 무주군 무주읍 당산길 4,,,,,2025-01-20
아름cafe,무주사랑상품권,전북특별자치도,무주군,전북특별자치도 무주군 무주읍 당산길 30-5 1층,,,,,2025-01-20
주식회사 조영라이팅,무주사랑상품권,전북특별자치도,무주군,전북특별자치도 무주군 무주읍 죽향로 34 2동,,,,,2025-01-20
영화플라워,무주사랑상품권,전북특별자치도,무주군,전북특별자치도 무주군 안성면 안성로 266,,,,,2025-01-20
동신건재,무주사랑상품권,전북특별자치도,무주군,,전북특별자치도 무주군 안성면 장기리 1317-20,,,,2025-01-20
안성꽃분재화원,무주사랑상품권,전북특별자치도,무주군,,전북특별자치도 무주군 안성면 장기리 1511,,,,2025-01-20
만리공판장마트,무주사랑상품권,전북특별자치도,무주군,전북특별자치도 무주군 무주읍 주계로 40-5,,,,,2025-01-20
알에스에스(RSS),무주사랑상품권,전북특별자치도,무주군,전북특별자치도 무주군 설천면 만선1로 38,,,,,2025-01-20
무풍안전가스,무주사랑상품권,전북특별자치도,무주군,,전북특별자치도 무주군 무풍면 지성리 738-1,,,,2025-01-20
산아래농장 영농조합법인,무주사랑상품권,전북특별자치도,무주군,전북특별자치도 무주군 무풍면 부등1길 7,,,,,2025-01-20
수련한복,무주사랑상품권,전북특별자치도,무주군,,전북특별자치도 무주군 무주읍 읍내리 1035 7/3,,,,2025-01-20
주계현 송어마을,무주사랑상품권,전북특별자치도,무주군,전북특별자치도 무주군 무주읍 무설로 143,,,,,2025-01-20
피자데이,무주사랑상품권,전북특별자치도,무주군,전북특별자치도 무주군 안성면 시장윗길 9,,,,,2025-01-20
김도연헤어컬렉션,무주사랑상품권,전북특별자치도,무주군,전북특별자치도 무주군 안성면 시장윗길 7,,,,,2025-01-20
순이네식당,무주사랑상품권,전북특별자치도,무주군,전북특별자치도 무주군 안성면 시장윗길 6-4,,,,,2025-01-20
안성 음악학원,무주사랑상품권,전북특별자치도,무주군,전북특별자치도 무주군 무주읍 안성로 271,,,,,2025-01-20
국제종합기계무주점,무주사랑상품권,전북특별자치도,무주군,전북특별자치도 무주군 안성면 안성로 248,,,,,2025-01-20
비비피아노학원,무주사랑상품권,전북특별자치도,무주군,전북특별자치도 무주군 무주읍 향학로 65,,,,,2025-01-20
무주농협하나로마트,무주사랑상품권,전북특별자치도,무주군,전북특별자치도 무주군 무주읍 당산강변로 196,,,,,2025-01-20
가죽공예,무주사랑상품권,전북특별자치도,무주군,전북특별자치도 무주군 무주읍 적천로 307 수공방,,,,,2025-01-20
무주건재,무주사랑상품권,전북특별자치도,무주군,,전북특별자치도 무주군 무주읍 당산리 1231,,,,2025-01-20
정한의원,무주사랑상품권,전북특별자치도,무주군,전북특별자치도 무주군 무주읍 당산강변로 208,,,,,2025-01-20
반딧불 건강원,무주사랑상품권,전북특별자치도,무주군,,전북특별자치도 무주군 무주읍 당산리 1239-4,,,,2025-01-20
산마트,무주사랑상품권,전북특별자치도,무주군,전북특별자치도 무주군 설천면 만선1로 92,,,,,2025-01-20
카페1052,무주사랑상품권,전북특별자치도,무주군,전북특별자치도 무주군 설천면 구천동로 1052,,,,,2025-01-20
고구려가든,무주사랑상품권,전북특별자치도,무주군,전북특별자치도 무주군 설천면 만선1로 68,,,,,2025-01-20
하얀섬 금강민물,무주사랑상품권,전북특별자치도,무주군,전북특별자치도 무주군 적상면 괴목로 568,,,,,2025-01-20
또래오래,무주사랑상품권,전북특별자치도,무주군,전북특별자치도 무주군 무주읍 향학로 47,,,,,2025-01-20
마당밥상,무주사랑상품권,전북특별자치도,무주군,전북특별자치도 무주군 무주읍 단천로37  1층 (성흥빌딩),,,,,2025-01-20
경선상회,무주사랑상품권,전북특별자치도,무주군,전북특별자치도 무주군 무주읍 주계로 54-1,,,,,2025-01-20
산들펜션,무주사랑상품권,전북특별자치도,무주군,전북특별자치도 무주군 안성면 덕유산로 352,,,,,2025-01-20
덕유정,무주사랑상품권,전북특별자치도,무주군,전북특별자치도 무주군 안성면 칠연로 430,,,,,2025-01-20
이무석 가축병원,무주사랑상품권,전북특별자치도,무주군,,전북특별자치도 무주군 무주읍 읍내리 1135-1,,,,2025-01-20
모든건축,무주사랑상품권,전북특별자치도,무주군,전북특별자치도 무주군 무주읍 단천로 141-11,,,,,2025-01-20
송림식당,무주사랑상품권,전북특별자치도,무주군,전북특별자치도 무주군 무주읍 단천로 3길 5,,,,,2025-01-20
구천동농산,무주사랑상품권,전북특별자치도,무주군,전북특별자치도 무주군 무주읍 주계로 59,,,,,2025-01-20
성도산업중기,무주사랑상품권,전북특별자치도,무주군,전북특별자치도 무주군 무주읍 무금로 306,,,,,2025-01-20
덕유산수영장 민박,무주사랑상품권,전북특별자치도,무주군,전북특별자치도 무주군 안성면 통안길 17,,,,,2025-01-20
농업회사법인 무주유통㈜,무주사랑상품권,전북특별자치도,무주군,전북특별자치도 무주군 무주읍 주계로 125-1,,,,,2025-01-20
창성수도설비공사,무주사랑상품권,전북특별자치도,무주군,전북특별자치도 무주군 무주읍 한풍루로 298-6,,,,,2025-01-20
청담동말자 무주점,무주사랑상품권,전북특별자치도,무주군,전북특별자치도 무주군 무주읍 주계로 8길 10 1층,,,,,2025-01-20
하나숙녀복,무주사랑상품권,전북특별자치도,무주군,전북특별자치도 무주군 무주읍 주계로 87,,,,,2025-01-20
무주화원,무주사랑상품권,전북특별자치도,무주군,전북특별자치도 무주군 무주읍 주계로 94,,,,,2025-01-20
가단조음악학원,무주사랑상품권,전북특별자치도,무주군,전북특별자치도 무주군 무주읍 단천로 5길 12,,,,,2025-01-20
E해법수학,무주사랑상품권,전북특별자치도,무주군,전북특별자치도 무주군 무주읍 단천로 5길 10,,,,,2025-01-20
올림수학전문학원,무주사랑상품권,전북특별자치도,무주군,전북특별자치도 무주군 무주읍 교동길 6,,,,,2025-01-20
원영농조합법인,무주사랑상품권,전북특별자치도,무주군,,전북특별자치도 무주군 무주읍 당산리 1579-1,,,,2025-01-20
주계컨설팅,무주사랑상품권,전북특별자치도,무주군,전북특별자치도 무주군 무주읍 주계로 126,,,,,2025-01-20
호연이네 식당,무주사랑상품권,전북특별자치도,무주군,전북특별자치도 무주군 무주읍 주계로 134,,,,,2025-01-20
무주 라비앙로즈펜션,무주사랑상품권,전북특별자치도,무주군,전북특별자치도 무주군 설천면 구천동로 920-11,,,,,2025-01-20
흥농종묘,무주사랑상품권,전북특별자치도,무주군,전북특별자치도 무주군 안성면 안성로 269,,,,,2025-01-20
하늘풍경,무주사랑상품권,전북특별자치도,무주군,전북특별자치도 무주군 설천면 만선1로 28,,,,,2025-01-20
무주펜션 챔피언.PLACE64,무주사랑상품권,전북특별자치도,무주군,전북특별자치도 무주군 설천면 만선1로 64 1층,,,,,2025-01-20
무주 설국펜션,무주사랑상품권,전북특별자치도,무주군,전북특별자치도 무주군 설천면 원삼공2길 9-7,,,,,2025-01-20
무주 벧엘펜션,무주사랑상품권,전북특별자치도,무주군,,전북특별자치도 무주군 설천면 심곡리 619-3,,,,2025-01-20
가족마당,무주사랑상품권,전북특별자치도,무주군,,전북특별자치도 무주군 설천면 심곡리 551-4,,,,2025-01-20
무주해바라기펜션호스텔,무주사랑상품권,전북특별자치도,무주군,,전북특별자치도 무주군 설천면 삼공리 522-9,,,,2025-01-20
개인택시,무주사랑상품권,전북특별자치도,무주군,전북특별자치도 무주군 무주읍 주계로 131-2,,,,,2025-01-20
미인미용실,무주사랑상품권,전북특별자치도,무주군,전북특별자치도 무주군 안성면 안성로 291,,,,,2025-01-20
싸리골,무주사랑상품권,전북특별자치도,무주군,전북특별자치도 무주군 안성면 시장윗길 6-9 1층,,,,,2025-01-20
덕유건강원,무주사랑상품권,전북특별자치도,무주군,,전북특별자치도 무주군 안성면 장기리 1506,,,,2025-01-20
휴엔정,무주사랑상품권,전북특별자치도,무주군,전북특별자치도 무주군 안성면 원통사로 10,,,,,2025-01-20
대성기물,무주사랑상품권,전북특별자치도,무주군,전북특별자치도 무주군 무풍면 현내로 208-1,,,,,2025-01-20
배약골식당,무주사랑상품권,전북특별자치도,무주군,전북특별자치도 무주군 무풍면 현내로 425,,,,,2025-01-20
장터회관,무주사랑상품권,전북특별자치도,무주군,전북특별자치도 무주군 무풍면 현내로 214,,,,,2025-01-20
무풍성정한의원,무주사랑상품권,전북특별자치도,무주군,전북특별자치도 무주군 무풍면 현내로 205,,,,,2025-01-20
무풍주유소,무주사랑상품권,전북특별자치도,무주군,전북특별자치도 무주군 무풍면 현내로 178,,,,,2025-01-20
무풍회관,무주사랑상품권,전북특별자치도,무주군,전북특별자치도 무주군 무풍면 현내로 178,,,,,2025-01-20
무지개상회,무주사랑상품권,전북특별자치도,무주군,전북특별자치도 무주군 무풍면 현내로 197,,,,,2025-01-20
우리대장간,무주사랑상품권,전북특별자치도,무주군,전북특별자치도 무주군 무주읍 장터로 2 달팽이동 8호,,,,,2025-01-20
웰빙쉼터,무주사랑상품권,전북특별자치도,무주군,전북특별자치도 무주군 무주읍 장터로 2 애반디동 4호,,,,,2025-01-20
잠두수석가든,무주사랑상품권,전북특별자치도,무주군,,전북특별자치도 무주군 무주읍 용포리 1191-1,,,,2025-01-20
무주래프팅,무주사랑상품권,전북특별자치도,무주군,,전북특별자치도 무주군 무주읍 용포리 1191-1,,,,2025-01-20
류창렬한의원,무주사랑상품권,전북특별자치도,무주군,전북특별자치도 무주군 무주읍 주계로 73-1,,,,,2025-01-20
다복회관,무주사랑상품권,전북특별자치도,무주군,,전북특별자치도 무주군 무주읍 읍내리 238-1,,,,2025-01-20
강안의원,무주사랑상품권,전북특별자치도,무주군,전북특별자치도 무주군 무주읍 주계로 72,,,,,2025-01-20
반디공작소,무주사랑상품권,전북특별자치도,무주군,전북특별자치도 무주군 적상면 치목길 104,,,,,2025-01-20
덕유산 전통순두부,무주사랑상품권,전북특별자치도,무주군,전북특별자치도 무주군 무주읍 무주로 1739,,,,,2025-01-20
무주광고기획,무주사랑상품권,전북특별자치도,무주군,전북특별자치도 무주군 무주읍 당산강변로 182,,,,,2025-01-20
밀모한우곰탕 갈비탕,무주사랑상품권,전북특별자치도,무주군,전북특별자치도 무주군 적상면 밀모길 10,,,,,2025-01-20
무주스피드레저,무주사랑상품권,전북특별자치도,무주군,전북특별자치도 무주군 부남면 잠두강변길 215,,,,,2025-01-20
용포주유소,무주사랑상품권,전북특별자치도,무주군,전북특별자치도 무주군 무주읍 무금로 359,,,,,2025-01-20
소망축산,무주사랑상품권,전북특별자치도,무주군,전북특별자치도 무주군 무주읍 주계로 52,,,,,2025-01-20
무주반딧불맛집,무주사랑상품권,전북특별자치도,무주군,전북특별자치도 무주군 무주읍 장터로 26,,,,,2025-01-20
한국타이어 무주대리점,무주사랑상품권,전북특별자치도,무주군,,전북특별자치도 무주군 무주읍 가옥리 538-2,,,,2025-01-20
아름마을 순두부,무주사랑상품권,전북특별자치도,무주군,전북특별자치도 무주군 적상면 서창로 15,,,,,2025-01-20
무주한우정육식당,무주사랑상품권,전북특별자치도,무주군,전북특별자치도 무주군 무주읍 무주로 1739 2층,,,,,2025-01-20
중산마을맛식당,무주사랑상품권,전북특별자치도,무주군,전북특별자치도 무주군 안성면 칠연로 176,,,,,2025-01-20
대명가스,무주사랑상품권,전북특별자치도,무주군,,전북특별자치도 무주군 적상면 사천리 890,,,,2025-01-20
농업회사법인 청오 유한회사,무주사랑상품권,전북특별자치도,무주군,전북특별자치도 무주군 적상면 산성로 359,,,,,2025-01-20
무주점 현대자동차,무주사랑상품권,전북특별자치도,무주군,,전북특별자치도 무주군 무주읍 당산리 1250,,,,2025-01-20
한국체대 반딧불태권도장,무주사랑상품권,전북특별자치도,무주군,전북특별자치도 무주군 설천면 무설로 1625-7,,,,,2025-01-20
안성반딧불 태권도장,무주사랑상품권,전북특별자치도,무주군,전북특별자치도 무주군 안성면 안성로 246,,,,,2025-01-20
아트컴퍼니,무주사랑상품권,전북특별자치도,무주군,전북특별자치도 무주군 무주읍 당산강변로 240 1층 102호,,,,,2025-01-20
히말라야 스키샵,무주사랑상품권,전북특별자치도,무주군,전북특별자치도 무주군 적상면 치마재로 474,,,,,2025-01-20
귀빈펜션,무주사랑상품권,전북특별자치도,무주군,전북특별자치도 무주군 설천면 구천동1로 135-7,,,,,2025-01-20
무주버드밸리,무주사랑상품권,전북특별자치도,무주군,,전북특별자치도 무주군 설천면 삼공리 418-23,,,,2025-01-20
백암산장,무주사랑상품권,전북특별자치도,무주군,전북특별자치도 무주군 설천면 구천동1로 129-22,,,,,2025-01-20
빨간지붕펜션,무주사랑상품권,전북특별자치도,무주군,전북특별자치도 무주군 설천면 내배방길 15-7,,,,,2025-01-20
전주콩나물국밥 유명한집,무주사랑상품권,전북특별자치도,무주군,전북특별자치도 무주군 설천면 구천동1로 3,,,,,2025-01-20
원조할매보쌈,무주사랑상품권,전북특별자치도,무주군,전북특별자치도 무주군 설천면 구천동1로 101,,,,,2025-01-20
풀하우스,무주사랑상품권,전북특별자치도,무주군,전북특별자치도 무주군 설천면 내배방길 18,,,,,2025-01-20
안식당,무주사랑상품권,전북특별자치도,무주군,전북특별자치도 무주군 설천면 만선1로 82,,,,,2025-01-20
무주농산전통건과,무주사랑상품권,전북특별자치도,무주군,전북특별자치도 무주군 무주읍 장터로 2,,,,,2025-01-20
미소나라,무주사랑상품권,전북특별자치도,무주군,,전북특별자치도 무주군 무주읍 읍내리 1152,,,,2025-01-20
보석당,무주사랑상품권,전북특별자치도,무주군,전북특별자치도 무주군 무주읍 장터로 2  파파리-6,,,,,2025-01-20
엄마네식당,무주사랑상품권,전북특별자치도,무주군,전북특별자치도 무주군 무주읍 장터로 2  6   7호 (꽃반디동),,,,,2025-01-20
오미 농산물,무주사랑상품권,전북특별자치도,무주군,전북특별자치도 무주군 무주읍 장터로 2,,,,,2025-01-20
반딧불계란,무주사랑상품권,전북특별자치도,무주군,,전북특별자치도 무주군 무주읍 읍내리 1152,,,,2025-01-20
반디어촌,무주사랑상품권,전북특별자치도,무주군,전북특별자치도 무주군 무주읍 장터로 2,,,,,2025-01-20
할매국수,무주사랑상품권,전북특별자치도,무주군,,전북특별자치도 무주군 무주읍 읍내리 1552,,,,2025-01-20
매일왕순대,무주사랑상품권,전북특별자치도,무주군,전북특별자치도 무주군 무주읍 장터로 2 꽃반디동 4호,,,,,2025-01-20
월드컵신발,무주사랑상품권,전북특별자치도,무주군,전북특별자치도 무주군 무주읍 주계로 86-1,,,,,2025-01-20
무주시장(임정애),무주사랑상품권,전북특별자치도,무주군,전북특별자치도 무주군 무주읍 장터로 2,,,,,2025-01-20
무주시장(백정식),무주사랑상품권,전북특별자치도,무주군,전북특별자치도 무주군 무주읍 장터로 2,,,,,2025-01-20
무주시장(황인자),무주사랑상품권,전북특별자치도,무주군,전북특별자치도 무주군 무주읍 장터로 2,,,,,2025-01-20
가마솥 돼지국밥,무주사랑상품권,전북특별자치도,무주군,전북특별자치도 무주군 무풍면 현내로 239,,,,,2025-01-20
무주잡화,무주사랑상품권,전북특별자치도,무주군,전북특별자치도 무주군 안성면 칠연로 38 13호(덕유산장터),,,,,2025-01-20
성원사,무주사랑상품권,전북특별자치도,무주군,전북특별자치도 무주군 무주읍 주계로 153,,,,,2025-01-20
무주안성터미널,무주사랑상품권,전북특별자치도,무주군,전북특별자치도 무주군 안성면 시장윗길 6-3,,,,,2025-01-20
용추맛집,무주사랑상품권,전북특별자치도,무주군,전북특별자치도 무주군 안성면 덕유산로 342,,,,,2025-01-20
용추폭포가든,무주사랑상품권,전북특별자치도,무주군,,전북특별자치도 무주군 안성면 공정리 1229,,,,2025-01-20
칠연가든,무주사랑상품권,전북특별자치도,무주군,전북특별자치도 무주군 안성면 칠연로 442,,,,,2025-01-20
반햇소,무주사랑상품권,전북특별자치도,무주군,전북특별자치도 무주군 적상면 적상산로 3,,,,,2025-01-20
금강식당,무주사랑상품권,전북특별자치도,무주군,,전북특별자치도 무주군 무주읍 용포리 471-1,,,,2025-01-20
금강상회,무주사랑상품권,전북특별자치도,무주군,,전북특별자치도 무주군 무주읍 용포리 471-1,,,,2025-01-20
즐거운피아노 음악학원,무주사랑상품권,전북특별자치도,무주군,전북특별자치도 무주군 무주읍 향학로 85 1층,,,,,2025-01-20
가옥주유소,무주사랑상품권,전북특별자치도,무주군,전북특별자치도 무주군 무주읍 무금로 43,,,,,2025-01-20
킹모터스 무주번호판제작소,무주사랑상품권,전북특별자치도,무주군,전북특별자치도 무주군 무주읍 한풍루로 304,,,,,2025-01-20
적상가든,무주사랑상품권,전북특별자치도,무주군,전북특별자치도 무주군 적상면 서창로 94,,,,,2025-01-20
무주펜션,무주사랑상품권,전북특별자치도,무주군,전북특별자치도 무주군 무주읍 잠두길 5-11,,,,,2025-01-20
무주신경외과,무주사랑상품권,전북특별자치도,무주군,전북특별자치도 무주군 무주읍 향학로 33-1,,,,,2025-01-20
독도스키샵,무주사랑상품권,전북특별자치도,무주군,,전북특별자치도 무주군 설천면 심곡리 576-1,,,,2025-01-20
페리카나,무주사랑상품권,전북특별자치도,무주군,전북특별자치도 무주군 무주읍 향학로 42,,,,,2025-01-20
위드,무주사랑상품권,전북특별자치도,무주군,전북특별자치도 무주군 무주읍 무학로 76,,,,,2025-01-20
매점,무주사랑상품권,전북특별자치도,무주군,전북특별자치도 무주군 무주읍 한풍루로 326-17,,,,,2025-01-20
다솜건축 인테리어,무주사랑상품권,전북특별자치도,무주군,전북특별자치도 무주군 무주읍 한풍루로 399,,,,,2025-01-20
행복한안경원,무주사랑상품권,전북특별자치도,무주군,전북특별자치도 무주군 무주읍 한풍루로 351  2층,,,,,2025-01-20
벧엘미용실,무주사랑상품권,전북특별자치도,무주군,전북특별자치도 무주군 적상면 성내길 18,,,,,2025-01-20
어복식당,무주사랑상품권,전북특별자치도,무주군,전북특별자치도 무주군 무주읍 강변로 184,,,,,2025-01-20
안성수산,무주사랑상품권,전북특별자치도,무주군,전북특별자치도 무주군 안성면 하이목길 47,,,,,2025-01-20
고향건강원,무주사랑상품권,전북특별자치도,무주군,전북특별자치도 무주군 무주읍 단천로 109-1,,,,,2025-01-20
무주왁싱속눈썹윙크샵,무주사랑상품권,전북특별자치도,무주군,전북특별자치도 무주군 무주읍 단천로 106,,,,,2025-01-20
대한사료,무주사랑상품권,전북특별자치도,무주군,,전북특별자치도 무주군 무주읍 읍내리 1108-1,,,,2025-01-20
형제상회,무주사랑상품권,전북특별자치도,무주군,전북특별자치도 무주군 무주읍 주계로 71-1,,,,,2025-01-20
백세건강원,무주사랑상품권,전북특별자치도,무주군,,전북특별자치도 무주군 무주읍 873-2  1층,,,,2025-01-20
이레미용실,무주사랑상품권,전북특별자치도,무주군,,전북특별자치도 무주군 무주읍 읍내리 805,,,,2025-01-20
박쌤학원,무주사랑상품권,전북특별자치도,무주군,전북특별자치도 무주군 무주읍 향학로 60-1 1층,,,,,2025-01-20
예닮학원,무주사랑상품권,전북특별자치도,무주군,전북특별자치도 무주군 무주읍 신교로 49. 2층201호,,,,,2025-01-20
다윗사무기,무주사랑상품권,전북특별자치도,무주군,,전북특별자치도 무주군 무주읍 읍내리 964-2,,,,2025-01-20
마스터클린,무주사랑상품권,전북특별자치도,무주군,전북특별자치도 무주군 무주읍 무학로 76,,,,,2025-01-20
팔팔지업사,무주사랑상품권,전북특별자치도,무주군,전북특별자치도 무주군 무주읍 주계로 117,,,,,2025-01-20
신도무주센타,무주사랑상품권,전북특별자치도,무주군,전북특별자치도 무주군 무주읍 향학로 47,,,,,2025-01-20
제일고객가스,무주사랑상품권,전북특별자치도,무주군,전북특별자치도 무주군 무주읍 무설로 164,,,,,2025-01-20
현미용실,무주사랑상품권,전북특별자치도,무주군,,전북특별자치도 무주군 설천면 소천리 904-8,,,,2025-01-20
무주뚝배기,무주사랑상품권,전북특별자치도,무주군,전북특별자치도 무주군 설천면 관동길 7,,,,,2025-01-20
무풍승지영농조합법인,무주사랑상품권,전북특별자치도,무주군,전북특별자치도 무주군 무풍면 철목길 61,,,,,2025-01-20
무풍카센타,무주사랑상품권,전북특별자치도,무주군,전북특별자치도 무주군 무풍면 현내로 174,,,,,2025-01-20
영분식,무주사랑상품권,전북특별자치도,무주군,,전북특별자치도 무주군 무풍면 현내리 650-13,,,,2025-01-20
우정이발관,무주사랑상품권,전북특별자치도,무주군,전북특별자치도 무주군 무풍면 현내로 213,,,,,2025-01-20
평화식당,무주사랑상품권,전북특별자치도,무주군,전북특별자치도 무주군 무풍면 현내로 210 1층,,,,,2025-01-20
대덕산주유소,무주사랑상품권,전북특별자치도,무주군,전북특별자치도 무주군 무풍면 현내로 428,,,,,2025-01-20
삼풍슈퍼,무주사랑상품권,전북특별자치도,무주군,전북특별자치도 무주군 무풍면 현내로 222,,,,,2025-01-20
개인택시,무주사랑상품권,전북특별자치도,무주군,전북특별자치도 무주군 무풍면 상하길 27,,,,,2025-01-20
윤미용실,무주사랑상품권,전북특별자치도,무주군,전북특별자치도 무주군 무풍면 현내로 211,,,,,2025-01-20
흥농농약사,무주사랑상품권,전북특별자치도,무주군,전북특별자치도 무주군 무풍면 현내로 221,,,,,2025-01-20
신라가든,무주사랑상품권,전북특별자치도,무주군,전북특별자치도 무주군 무풍면 현내로 418,,,,,2025-01-20
우리카센터,무주사랑상품권,전북특별자치도,무주군,전북특별자치도 무주군 설천면 구천동로 1078,,,,,2025-01-20
탑스키,무주사랑상품권,전북특별자치도,무주군,,전북특별자치도 무주군 설천면 심곡리 587-2,,,,2025-01-20
모아나(moana),무주사랑상품권,전북특별자치도,무주군,전북특별자치도 무주군 무주읍 단천로 106  1층 102호,,,,,2025-01-20
반딧불 식물크리닉,무주사랑상품권,전북특별자치도,무주군,전북특별자치도 무주군 무주읍 단천로 35,,,,,2025-01-20
고려의원,무주사랑상품권,전북특별자치도,무주군,전북특별자치도 무주군 무주읍 단천로 37,,,,,2025-01-20
삼성가구갤러리,무주사랑상품권,전북특별자치도,무주군,전북특별자치도 무주군 무주읍 한풍루로 357,,,,,2025-01-20
삼용이네감자탕보쌈,무주사랑상품권,전북특별자치도,무주군,전북특별자치도 무주군 무주읍 한풍루로 361  1동 101호,,,,,2025-01-20
녹십자약국,무주사랑상품권,전북특별자치도,무주군,전북특별자치도 무주군 무주읍 한풍루로 351,,,,,2025-01-20
무주안과,무주사랑상품권,전북특별자치도,무주군,전북특별자치도 무주군 무주읍 한풍루로 351  2층,,,,,2025-01-20
아이스천국,무주사랑상품권,전북특별자치도,무주군,전북특별자치도 무주군 무주읍 주계로 57,,,,,2025-01-20
법무사김충식사무소,무주사랑상품권,전북특별자치도,무주군,전북특별자치도 무주군 무주읍 주계로 110 1층,,,,,2025-01-20
노금석외과의원,무주사랑상품권,전북특별자치도,무주군,전북특별자치도 무주군 무주읍 주계로 88-6,,,,,2025-01-20
건강약국,무주사랑상품권,전북특별자치도,무주군,전북특별자치도 무주군 무주읍 주계로 88-1,,,,,2025-01-20
베이비 프라임,무주사랑상품권,전북특별자치도,무주군,전북특별자치도 무주군 무주읍 주계로 86-1,,,,,2025-01-20
기린모텔,무주사랑상품권,전북특별자치도,무주군,전북특별자치도 무주군 무주읍 단천로 74,,,,,2025-01-20
경동나비엔무주대리점,무주사랑상품권,전북특별자치도,무주군,전북특별자치도 무주군 무주읍 향학로 30,,,,,2025-01-20
태흥,무주사랑상품권,전북특별자치도,무주군,전북특별자치도 무주군 무주읍 한풍루로 351 (상가109호),,,,,2025-01-20
터미널매점,무주사랑상품권,전북특별자치도,무주군,전북특별자치도 무주군 무주읍 한풍루로 351,,,,,2025-01-20
제이모텔,무주사랑상품권,전북특별자치도,무주군,전북특별자치도 무주군 무주읍 한풍루로 323,,,,,2025-01-20
신비바이크,무주사랑상품권,전북특별자치도,무주군,전북특별자치도 무주군 무주읍 당산강변로 182,,,,,2025-01-20
삼육구실내포장마차,무주사랑상품권,전북특별자치도,무주군,,전북특별자치도 무주군 무주읍 224-5,,,,2025-01-20
닭살이야,무주사랑상품권,전북특별자치도,무주군,전북특별자치도 무주군 무주읍 단천로5길 3,,,,,2025-01-20
교촌치킨 무주점,무주사랑상품권,전북특별자치도,무주군,전북특별자치도 무주군 무주읍 주계로 67-1,,,,,2025-01-20
중앙오에이,무주사랑상품권,전북특별자치도,무주군,전북특별자치도 무주군 무주읍 주계로 90,,,,,2025-01-20
경아미용실,무주사랑상품권,전북특별자치도,무주군,전북특별자치도 무주군 무주읍 주계로 94-1,,,,,2025-01-20
베비라,무주사랑상품권,전북특별자치도,무주군,전북특별자치도 무주군 무주읍 주계로 90,,,,,2025-01-20
도성가든,무주사랑상품권,전북특별자치도,무주군,전북특별자치도 무주군 무주읍 무설로 95,,,,,2025-01-20
덕유산펜션,무주사랑상품권,전북특별자치도,무주군,전북특별자치도 무주군 설천면 구천동1로 144,,,,,2025-01-20
승희주유소,무주사랑상품권,전북특별자치도,무주군,전북특별자치도 무주군 안성면 안성로 446,,,,,2025-01-20
강헤어,무주사랑상품권,전북특별자치도,무주군,전북특별자치도 무주군 무주읍 주계로 44-1,,,,,2025-01-20
호야네식당,무주사랑상품권,전북특별자치도,무주군,,전북특별자치도 무주군 무주읍 읍내리 1152-4,,,,2025-01-20
금강식당,무주사랑상품권,전북특별자치도,무주군,전북특별자치도 무주군 부남면 대소길 15,,,,,2025-01-20
양포제주우도흑돼지,무주사랑상품권,전북특별자치도,무주군,전북특별자치도 무주군 무주읍 한풍루로 323,,,,,2025-01-20
애드기획,무주사랑상품권,전북특별자치도,무주군,전북특별자치도 무주군 무주읍 주계로 108,,,,,2025-01-20
예뻐지기 미용실,무주사랑상품권,전북특별자치도,무주군,전북특별자치도 무주군 무주읍 주계로 111,,,,,2025-01-20
성공설비사,무주사랑상품권,전북특별자치도,무주군,,전북특별자치도 무주군 무주읍 읍내리 877-58,,,,2025-01-20
아이빈커피,무주사랑상품권,전북특별자치도,무주군,전북특별자치도 무주군 무주읍 단천로 95,,,,,2025-01-20
윤미용실,무주사랑상품권,전북특별자치도,무주군,전북특별자치도 무주군 무주읍 주계로 55,,,,,2025-01-20
풀마트분식,무주사랑상품권,전북특별자치도,무주군,전북특별자치도 무주군 무주읍 단천로 104,,,,,2025-01-20
장약국,무주사랑상품권,전북특별자치도,무주군,전북특별자치도 무주군 무주읍 단천로 99,,,,,2025-01-20
이미지,무주사랑상품권,전북특별자치도,무주군,전북특별자치도 무주군 무주읍 주계로8길 8,,,,,2025-01-20
엠제이 스크린골프,무주사랑상품권,전북특별자치도,무주군,전북특별자치도 무주군 무주읍 단천로 99,,,,,2025-01-20
장강,무주사랑상품권,전북특별자치도,무주군,전북특별자치도 무주군 무주읍 향학로 29,,,,,2025-01-20
무주김밥나라,무주사랑상품권,전북특별자치도,무주군,전북특별자치도 무주군 무주읍 주계로 115,,,,,2025-01-20
바비&amp;수리,무주사랑상품권,전북특별자치도,무주군,전북특별자치도 무주군 무주읍 주계로 113-1  1층,,,,,2025-01-20
서울회관,무주사랑상품권,전북특별자치도,무주군,전북특별자치도 무주군 안성면 안성로 295-1,,,,,2025-01-20
무주중도가스,무주사랑상품권,전북특별자치도,무주군,전북특별자치도 무주군 무주읍 무학로 120,,,,,2025-01-20
산아래가든,무주사랑상품권,전북특별자치도,무주군,전북특별자치도 무주군 무주읍 유속길 10-9,,,,,2025-01-20
금강식당,무주사랑상품권,전북특별자치도,무주군,,전북특별자치도 무주군 무주읍 읍내리 246-7,,,,2025-01-20
성림고속관광,무주사랑상품권,전북특별자치도,무주군,전북특별자치도 무주군 설천면 무설로 1570,,,,,2025-01-20
성림운수사,무주사랑상품권,전북특별자치도,무주군,전북특별자치도 무주군 설천면 무설로 1570,,,,,2025-01-20
불타는청춘,무주사랑상품권,전북특별자치도,무주군,전북특별자치도 무주군 무주읍 단천로 85  1층 1호,,,,,2025-01-20
만리장성,무주사랑상품권,전북특별자치도,무주군,전북특별자치도 무주군 설천면 구천동로 848,,,,,2025-01-20
반디의류,무주사랑상품권,전북특별자치도,무주군,전북특별자치도 무주군 무주읍 주계로 42,,,,,2025-01-20
예그린카 서비스,무주사랑상품권,전북특별자치도,무주군,전북특별자치도 무주군 무주읍 단천로 195,,,,,2025-01-20
이소스키,무주사랑상품권,전북특별자치도,무주군,전북특별자치도 무주군 설천면 만선로 86,,,,,2025-01-20
이소콘도,무주사랑상품권,전북특별자치도,무주군,전북특별자치도 무주군 설천면 만선로 84,,,,,2025-01-20
로그하우스,무주사랑상품권,전북특별자치도,무주군,전북특별자치도 무주군 설천면 만선로 86,,,,,2025-01-20
리틀프린스,무주사랑상품권,전북특별자치도,무주군,전북특별자치도 무주군 설천면 만선로 34-1,,,,,2025-01-20
울엄마 양평해장국,무주사랑상품권,전북특별자치도,무주군,전북특별자치도 무주군 설천면 구천동로 861,,,,,2025-01-20
산채음식관,무주사랑상품권,전북특별자치도,무주군,전북특별자치도 무주군 설천면 구천동1로 87,,,,,2025-01-20
경남슈퍼,무주사랑상품권,전북특별자치도,무주군,,전북특별자치도 무주군 설천면 삼공리 418-19,,,,2025-01-20
한국관,무주사랑상품권,전북특별자치도,무주군,전북특별자치도 무주군 설천면 구천동1로 87,,,,,2025-01-20
덕유산식당,무주사랑상품권,전북특별자치도,무주군,전북특별자치도 무주군 설천면 구천동1로 83  A-6 (1층),,,,,2025-01-20
별미가든,무주사랑상품권,전북특별자치도,무주군,전북특별자치도 무주군 설천면 구천동로 948,,,,,2025-01-20
정스기샵,무주사랑상품권,전북특별자치도,무주군,전북특별자치도 무주군 설천면 만선로 92,,,,,2025-01-20
맛고을회관,무주사랑상품권,전북특별자치도,무주군,전북특별자치도 무주군 설천면 만선로 16,,,,,2025-01-20
미담,무주사랑상품권,전북특별자치도,무주군,전북특별자치도 무주군 설천면 만선1로 113,,,,,2025-01-20
전주진미식당,무주사랑상품권,전북특별자치도,무주군,전북특별자치도 무주군 설천면 구천동1로 111  107 (1층),,,,,2025-01-20
우수식당,무주사랑상품권,전북특별자치도,무주군,전북특별자치도 무주군 설천면 구천동로 844,,,,,2025-01-20
무주수채화펜션,무주사랑상품권,전북특별자치도,무주군,전북특별자치도 무주군 설천면 구천동1로 154,,,,,2025-01-20
산나물맛집,무주사랑상품권,전북특별자치도,무주군,전북특별자치도 무주군 설천면 구천동1로 83  A동 11호(1층),,,,,2025-01-20
조훈죽염,무주사랑상품권,전북특별자치도,무주군,,전북특별자치도 무주군 설천면 소천리 31,,,,2025-01-20
신통치킨무풍점,무주사랑상품권,전북특별자치도,무주군,전북특별자치도 무주군 무풍면 현내로 211,,,,,2025-01-20
무주다다펜션  갤러리다다,무주사랑상품권,전북특별자치도,무주군,전북특별자치도 무주군 설천면 외배방길 22,,,,,2025-01-20
무주흙집 풍경,무주사랑상품권,전북특별자치도,무주군,전북특별자치도 무주군 설천면 구천동로 2214,,,,,2025-01-20
무주 문리버펜션,무주사랑상품권,전북특별자치도,무주군,전북특별자치도 무주군 무풍면 구천동로 289-4,,,,,2025-01-20
콩수레 두부家,무주사랑상품권,전북특별자치도,무주군,전북특별자치도 무주군 무주읍 한풍루로 322,,,,,2025-01-20
부남벼룻길 맛집,무주사랑상품권,전북특별자치도,무주군,전북특별자치도 무주군 부남면 대소길 17,,,,,2025-01-20
다성주유소,무주사랑상품권,전북특별자치도,무주군,전북특별자치도 무주군 무주읍 무금로 269,,,,,2025-01-20
한일약국,무주사랑상품권,전북특별자치도,무주군,전북특별자치도 무주군 설천면 무설로 1584,,,,,2025-01-20
라제주유소,무주사랑상품권,전북특별자치도,무주군,전북특별자치도 무주군 설천면 무설로 1704,,,,,2025-01-20
팜메이트설천약국,무주사랑상품권,전북특별자치도,무주군,전북특별자치도 무주군 설천면 무설로 1588,,,,,2025-01-20
먹방하우스,무주사랑상품권,전북특별자치도,무주군,,전북특별자치도 무주군 설천면 1584,,,,2025-01-20
모든이의하우스,무주사랑상품권,전북특별자치도,무주군,전북특별자치도 무주군 무주읍 주례로8길 8-6,,,,,2025-01-20
젤이쁜,무주사랑상품권,전북특별자치도,무주군,전북특별자치도 무주군 설천면 삼도봉로 11,,,,,2025-01-20
천흥주유소,무주사랑상품권,전북특별자치도,무주군,전북특별자치도 무주군 무주읍 주계로 75,,,,,2025-01-20
라제가든,무주사랑상품권,전북특별자치도,무주군,전북특별자치도 무주군 설천면 라제통문로 2,,,,,2025-01-20
청운회관,무주사랑상품권,전북특별자치도,무주군,전북특별자치도 무주군 무주읍 주계로3길 1-2,,,,,2025-01-20
쌍방울할인점,무주사랑상품권,전북특별자치도,무주군,전북특별자치도 무주군 무주읍 주계로 86-1,,,,,2025-01-20
네네치킨,무주사랑상품권,전북특별자치도,무주군,전북특별자치도 무주군 무주읍 단천로 84,,,,,2025-01-20
거성농자재,무주사랑상품권,전북특별자치도,무주군,전북특별자치도 무주군 무주읍 무설로 37,,,,,2025-01-20
이삭토스트 전북무주점,무주사랑상품권,전북특별자치도,무주군,전북특별자치도 무주군 무주읍 주계로 118,,,,,2025-01-20
오무기사식당,무주사랑상품권,전북특별자치도,무주군,전북특별자치도 무주군 무주읍 무설로 141,,,,,2025-01-20
가람카센타,무주사랑상품권,전북특별자치도,무주군,전북특별자치도 무주군 무주읍 단천로 180,,,,,2025-01-20
용천약국,무주사랑상품권,전북특별자치도,무주군,,전북특별자치도 무주군 무주읍 읍내리 189,,,,2025-01-20
덕유전기주식회사,무주사랑상품권,전북특별자치도,무주군,전북특별자치도 무주군 무주읍 단천로 28,,,,,2025-01-20
무주열쇠천막건업,무주사랑상품권,전북특별자치도,무주군,전북특별자치도 무주군 무주읍 단천로 49,,,,,2025-01-20
아리따움 전북무주점,무주사랑상품권,전북특별자치도,무주군,전북특별자치도 무주군 무주읍 주계로 102-2,,,,,2025-01-20
오샤레헤어,무주사랑상품권,전북특별자치도,무주군,전북특별자치도 무주군 무주읍 주계로8길 9,,,,,2025-01-20
영화미용타운,무주사랑상품권,전북특별자치도,무주군,,전북특별자치도 무주군 무주읍 읍내리 243-5,,,,2025-01-20
푸른농약사,무주사랑상품권,전북특별자치도,무주군,전북특별자치도 무주군 무주읍 당산강변로 218,,,,,2025-01-20
루어피싱 (무주점),무주사랑상품권,전북특별자치도,무주군,전북특별자치도 무주군 무주읍 당산강변로 182,,,,,2025-01-20
애니카랜드 무주점(드림카 서비스),무주사랑상품권,전북특별자치도,무주군,전북특별자치도 무주군 무주읍 단천로 52,,,,,2025-01-20
무주점 기아오토큐,무주사랑상품권,전북특별자치도,무주군,전북특별자치도 무주군 무주읍 당산강변로 216,,,,,2025-01-20
멕시카나 무주점,무주사랑상품권,전북특별자치도,무주군,전북특별자치도 무주군 무주읍 단천로 44,,,,,2025-01-20
탈렌트미용실,무주사랑상품권,전북특별자치도,무주군,전북특별자치도 무주군 무주읍 주계로8길 4,,,,,2025-01-20
무주철판집,무주사랑상품권,전북특별자치도,무주군,전북특별자치도 무주군 무주읍 주계로8길 8,,,,,2025-01-20
코코헤어,무주사랑상품권,전북특별자치도,무주군,전북특별자치도 무주군 무주읍 주계로8길 11,,,,,2025-01-20
한아름마트,무주사랑상품권,전북특별자치도,무주군,전북특별자치도 무주군 설천면 구천동1로 111,,,,,2025-01-20
청기와한식,무주사랑상품권,전북특별자치도,무주군,전북특별자치도 무주군 설천면 구천동1로 111,,,,,2025-01-20
선화가든,무주사랑상품권,전북특별자치도,무주군,전북특별자치도 무주군 설천면 구천동1로 83  A동 1층 1.2호,,,,,2025-01-20
삼흥식품마트,무주사랑상품권,전북특별자치도,무주군,전북특별자치도 무주군 안성면 칠연로 39-1,,,,,2025-01-20
무주 해장국,무주사랑상품권,전북특별자치도,무주군,전북특별자치도 무주군 적상면 치마재로 72,,,,,2025-01-20
그린세차장,무주사랑상품권,전북특별자치도,무주군,전북특별자치도 무주군 무주읍 한풍루로 295,,,,,2025-01-20
설천맛집,무주사랑상품권,전북특별자치도,무주군,전북특별자치도 무주군 설천면 삼도봉로 11,,,,,2025-01-20
조은약국,무주사랑상품권,전북특별자치도,무주군,전북특별자치도 무주군 무주읍 단천로 37,,,,,2025-01-20
무주어죽,무주사랑상품권,전북특별자치도,무주군,전북특별자치도 무주군 무주읍 내도로 119,,,,,2025-01-20
창복평양냉면,무주사랑상품권,전북특별자치도,무주군,전북특별자치도 무주군 무주읍 단천로 114,,,,,2025-01-20
대성종합상사,무주사랑상품권,전북특별자치도,무주군,전북특별자치도 무주군 설천면 삼도봉로 12,,,,,2025-01-20
욜로샵 삼돌이아이스크림&커피공간,무주사랑상품권,전북특별자치도,무주군,전북특별자치도 무주군 설천면 구천동로 858,,,,,2025-01-20
제일산장,무주사랑상품권,전북특별자치도,무주군,전북특별자치도 무주군 설천면 구천동1로 156,,,,,2025-01-20
맛짱,무주사랑상품권,전북특별자치도,무주군,전북특별자치도 무주군 설천면 무설로 1578-1,,,,,2025-01-20
박가네,무주사랑상품권,전북특별자치도,무주군,전북특별자치도 무주군 설천면 무설로 1581-11,,,,,2025-01-20
무주펜션꿈꾸는 나무별,무주사랑상품권,전북특별자치도,무주군,전북특별자치도 무주군 설천면 구천동1로 135-21,,,,,2025-01-20
네네치킨네네피자,무주사랑상품권,전북특별자치도,무주군,전북특별자치도 무주군 설천면 구천동1로 6,,,,,2025-01-20
구천동 미향가든,무주사랑상품권,전북특별자치도,무주군,전북특별자치도 무주군 설천면 구천동로 922,,,,,2025-01-20
설인펜션,무주사랑상품권,전북특별자치도,무주군,전북특별자치도 무주군 설천면 삼공2길 4,,,,,2025-01-20
식당1번지,무주사랑상품권,전북특별자치도,무주군,전북특별자치도 무주군 설천면 삼도봉로 1,,,,,2025-01-20
나래팬션,무주사랑상품권,전북특별자치도,무주군,전북특별자치도 무주군 설천면 만선1로 56,,,,,2025-01-20
구천동맛집,무주사랑상품권,전북특별자치도,무주군,전북특별자치도 무주군 설천면 구천동1로 101,,,,,2025-01-20
숲속의아침,무주사랑상품권,전북특별자치도,무주군,전북특별자치도 무주군 설천면 구천동1로 19,,,,,2025-01-20
임실치즈피자구천동점,무주사랑상품권,전북특별자치도,무주군,전북특별자치도 무주군 설천면 구천동1로 19,,,,,2025-01-20
생생어성초 영농조합 법인,무주사랑상품권,전북특별자치도,무주군,전북특별자치도 무주군 설천면 구천동로 858,,,,,2025-01-20
두발로,무주사랑상품권,전북특별자치도,무주군,전북특별자치도 무주군 무주읍 주계로 88,,,,,2025-01-20
무주제일건재,무주사랑상품권,전북특별자치도,무주군,전북특별자치도 무주군 무주읍 주계로 66-1,,,,,2025-01-20
대명여행사,무주사랑상품권,전북특별자치도,무주군,전북특별자치도 무주군 무주읍 한풍루로 288,,,,,2025-01-20
한솔문구,무주사랑상품권,전북특별자치도,무주군,전북특별자치도 무주군 무주읍 주계로 108,,,,,2025-01-20
무주반디공구종합상사,무주사랑상품권,전북특별자치도,무주군,전북특별자치도 무주군 무주읍 적천로 269-1  1층,,,,,2025-01-20
파리바게뜨,무주사랑상품권,전북특별자치도,무주군,,전북특별자치도 무주군 무주읍 읍내리 186-6,,,,2025-01-20
남대천숯불갈비,무주사랑상품권,전북특별자치도,무주군,,전북특별자치도 무주군 무주읍 당산리 1765-20,,,,2025-01-20
고솜(Go Some),무주사랑상품권,전북특별자치도,무주군,전북특별자치도 무주군 무주읍 당산강변로 130,,,,,2025-01-20
현자네 맛집,무주사랑상품권,전북특별자치도,무주군,전북특별자치도 무주군 무주읍 적천로 351,,,,,2025-01-20
남천식당,무주사랑상품권,전북특별자치도,무주군,전북특별자치도 무주군 무주읍 한풍루로 288,,,,,2025-01-20
명낙지사랑,무주사랑상품권,전북특별자치도,무주군,전북특별자치도 무주군 무주읍 한풍루로 370 2층,,,,,2025-01-20
산성각,무주사랑상품권,전북특별자치도,무주군,전북특별자치도 무주군 적상면 적상산로 42,,,,,2025-01-20
59쌀피자 무주점,무주사랑상품권,전북특별자치도,무주군,전북특별자치도 무주군 무주읍 단천로 94,,,,,2025-01-20
다이소 무주점,무주사랑상품권,전북특별자치도,무주군,전북특별자치도 무주군 무주읍 단천로 99,,,,,2025-01-20
sk텔레콤 무주대리점,무주사랑상품권,전북특별자치도,무주군,전북특별자치도 무주군 무주읍 단천로 99,,,,,2025-01-20
성대식당,무주사랑상품권,전북특별자치도,무주군,,전북특별자치도 무주군 적상면 사천리 330-7,,,,2025-01-20
선배식당,무주사랑상품권,전북특별자치도,무주군,,전북특별자치도 무주군 적상면 사천리 180,,,,2025-01-20
서창순두부,무주사랑상품권,전북특별자치도,무주군,,전북특별자치도 무주군 적상면 사천리 566-9,,,,2025-01-20
서창101 수작부리는 카페,무주사랑상품권,전북특별자치도,무주군,전북특별자치도 무주군 적상면 서창로 101,,,,,2025-01-20
반디야식,무주사랑상품권,전북특별자치도,무주군,전북특별자치도 무주군 무주읍 적천로 307,,,,,2025-01-20
무주레져사랑협동조합,무주사랑상품권,전북특별자치도,무주군,전북특별자치도 무주군 무주읍 최북로 28,,,,,2025-01-20
반딧불마트,무주사랑상품권,전북특별자치도,무주군,전북특별자치도 무주군 무주읍 주계로 32,,,,,2025-01-20
한불스킨케어,무주사랑상품권,전북특별자치도,무주군,전북특별자치도 무주군 무주읍 한풍루로 387-9,,,,,2025-01-20
민속떡집,무주사랑상품권,전북특별자치도,무주군,전북특별자치도 무주군 무주읍 단천로 151 다온누리 아파트 102호,,,,,2025-01-20
북어마당,무주사랑상품권,전북특별자치도,무주군,전북특별자치도 무주군 무주읍 단천로 85 강산빌딩1층,,,,,2025-01-20
청춘침구,무주사랑상품권,전북특별자치도,무주군,전북특별자치도 무주군 무주읍 단천로 79,,,,,2025-01-20
반딧불이 씨앤씨,무주사랑상품권,전북특별자치도,무주군,전북특별자치도 무주군 무주읍 단천로 85 강산빌딩1층3호,,,,,2025-01-20
무주약국,무주사랑상품권,전북특별자치도,무주군,전북특별자치도 무주군 무주읍 주계로 113,,,,,2025-01-20
반딧불주유소,무주사랑상품권,전북특별자치도,무주군,전북특별자치도 무주군 무주읍 단천로 58,,,,,2025-01-20
꽃처럼,무주사랑상품권,전북특별자치도,무주군,전북특별자치도 무주군 무주읍 주계로 117-2,,,,,2025-01-20
무주 기능장카서비스,무주사랑상품권,전북특별자치도,무주군,전북특별자치도 무주군 무주읍 한풍루로 387-9,,,,,2025-01-20
달콤달달,무주사랑상품권,전북특별자치도,무주군,전북특별자치도 무주군 무주읍 향학로 46  1층,,,,,2025-01-20
진원반디길마을 영농조합법인,무주사랑상품권,전북특별자치도,무주군,전북특별자치도 무주군 안성면 진성로 2416-4  1층,,,,,2025-01-20
조인쉐프 뉴욕,무주사랑상품권,전북특별자치도,무주군,전북특별자치도 무주군 무주읍 적천로 317 5층,,,,,2025-01-20
적상주유소,무주사랑상품권,전북특별자치도,무주군,전북특별자치도 무주군 적상면 치마재로 62,,,,,2025-01-20
태권도맛집,무주사랑상품권,전북특별자치도,무주군,전북특별자치도 무주군 설천면 삼도봉로 20-1,,,,,2025-01-20
황기감자탕,무주사랑상품권,전북특별자치도,무주군,전북특별자치도 무주군 설천면 삼로봉로 17,,,,,2025-01-20
섬마을,무주사랑상품권,전북특별자치도,무주군,전북특별자치도 무주군 무주읍 내도로 126,,,,,2025-01-20
강나루,무주사랑상품권,전북특별자치도,무주군,전북특별자치도 무주군 무주읍 내도로 123,,,,,2025-01-20
설천흥농농약사,무주사랑상품권,전북특별자치도,무주군,전북특별자치도 무주군 설천면 무설로 1575,,,,,2025-01-20
무주골프연습장,무주사랑상품권,전북특별자치도,무주군,전북특별자치도 무주군 무주읍 원용포길 42,,,,,2025-01-20
안경닥터 보청기,무주사랑상품권,전북특별자치도,무주군,전북특별자치도 무주군 무주읍 주계로 121,,,,,2025-01-20
봄에새싹,무주사랑상품권,전북특별자치도,무주군,전북특별자치도 무주군 무주읍 단천로 103,,,,,2025-01-20
조대포 식당,무주사랑상품권,전북특별자치도,무주군,전북특별자치도 무주군 무주읍 무주로 1739,,,,,2025-01-20
준통신,무주사랑상품권,전북특별자치도,무주군,전북특별자치도 무주군 무주읍 단천로 101,,,,,2025-01-20
콩밭가든,무주사랑상품권,전북특별자치도,무주군,전북특별자치도 무주군 적상면 적상로 294-6,,,,,2025-01-20
힐링플라워,무주사랑상품권,전북특별자치도,무주군,전북특별자치도 무주군 무주읍 단천로 111,,,,,2025-01-20
물레방아영양탕,무주사랑상품권,전북특별자치도,무주군,전북특별자치도 무주군 무주읍 단천로 82-1,,,,,2025-01-20
무주군농특산물판매장,무주사랑상품권,전북특별자치도,무주군,전북특별자치도 무주군 무주읍 무주로 1739  1층 (만남의 광장),,,,,2025-01-20
남양주유소,무주사랑상품권,전북특별자치도,무주군,전북특별자치도 무주군 적상면 적상산로 124,,,,,2025-01-20
옥류관,무주사랑상품권,전북특별자치도,무주군,전북특별자치도 무주군 적상면 적상산로 128,,,,,2025-01-20
sk텔레콤 무주대리점,무주사랑상품권,전북특별자치도,무주군,전북특별자치도 무주군 무주읍 단천로 105,,,,,2025-01-20
골드마트,무주사랑상품권,전북특별자치도,무주군,전북특별자치도 무주군 무주읍 단천로 100,,,,,2025-01-20
큰손식당,무주사랑상품권,전북특별자치도,무주군,전북특별자치도 무주군 무주읍 단천로 143,,,,,2025-01-20
태평양얼음떡방앗간,무주사랑상품권,전북특별자치도,무주군,전북특별자치도 무주군 무주읍 단천로 153,,,,,2025-01-20
육류백화점,무주사랑상품권,전북특별자치도,무주군,전북특별자치도 무주군 무주읍 향학로 37,,,,,2025-01-20
길목실내마차,무주사랑상품권,전북특별자치도,무주군,전북특별자치도 무주군 무주읍 단천로 70,,,,,2025-01-20
소담,무주사랑상품권,전북특별자치도,무주군,전북특별자치도 무주군 무주읍 단천로 72,,,,,2025-01-20
구천동 농협 무풍지점,무주사랑상품권,전북특별자치도,무주군,전북특별자치도 무주군 무풍면 현내로 183,,,,,2025-01-20
원조 전주맛집,무주사랑상품권,전북특별자치도,무주군,전북특별자치도 무주군 설천면 구천동1로 95  A-7 (1층),,,,,2025-01-20
나래가든,무주사랑상품권,전북특별자치도,무주군,전북특별자치도 무주군 설천면 만선1로 56,,,,,2025-01-20
설천이용원,무주사랑상품권,전북특별자치도,무주군,전북특별자치도 무주군 설천면 무설로 1584-1,,,,,2025-01-20
산채랑오리랑,무주사랑상품권,전북특별자치도,무주군,전북특별자치도 무주군 구천동1로 83  A동 1층 7호,,,,,2025-01-20
두매산골가든,무주사랑상품권,전북특별자치도,무주군,전북특별자치도 무주군 설천면 구천동1로 87  나 (1층 1.8호),,,,,2025-01-20
예촌본가,무주사랑상품권,전북특별자치도,무주군,전북특별자치도 무주군 설천면 만선1로 90  1층,,,,,2025-01-20
토석정,무주사랑상품권,전북특별자치도,무주군,,전북특별자치도 무주군 설천면 소천리 698-22,,,,2025-01-20
구천동 농협 구천지점,무주사랑상품권,전북특별자치도,무주군,전북특별자치도 무주군 설천면 구천동1로 15,,,,,2025-01-20
구천동농협 하나로마트 리조트점,무주사랑상품권,전북특별자치도,무주군,전북특별자치도 무주군 설천면 구천동로 1093,,,,,2025-01-20
구천동 농업 협동조합,무주사랑상품권,전북특별자치도,무주군,전북특별자치도 무주군 설천면 삼도봉로 6,,,,,2025-01-20
공간카페,무주사랑상품권,전북특별자치도,무주군,전북특별자치도 무주군 설천면 무설로 1594,,,,,2025-01-20
원조전주음식관,무주사랑상품권,전북특별자치도,무주군,전북특별자치도 무주군 설천면 구천동1로 95  A-10(1층A동10호~11호),,,,,2025-01-20
덕유산 전주일미식당,무주사랑상품권,전북특별자치도,무주군,전북특별자치도 무주군 설천면 구천동1로 111  103(1층),,,,,2025-01-20
장터국밥,무주사랑상품권,전북특별자치도,무주군,,전북특별자치도 무주군 설천면 소천리 904-29,,,,2025-01-20
왕조식당,무주사랑상품권,전북특별자치도,무주군,전북특별자치도 무주군 설천면 무설로 1579,,,,,2025-01-20
겐스빌피자치킨,무주사랑상품권,전북특별자치도,무주군,,전북특별자치도 무주군 설천면 소천리 1043-32,,,,2025-01-20
산들애,무주사랑상품권,전북특별자치도,무주군,전북특별자치도 무주군 설천면 만선1로 94,,,,,2025-01-20
까까머리샵,무주사랑상품권,전북특별자치도,무주군,전북특별자치도 무주군 설천면 무설로 1594,,,,,2025-01-20
미락식당,무주사랑상품권,전북특별자치도,무주군,전북특별자치도 무주군 설천면 무설로 1616,,,,,2025-01-20
라제식품,무주사랑상품권,전북특별자치도,무주군,전북특별자치도 무주군 설천면 무설로 1265-8,,,,,2025-01-20
세라분식,무주사랑상품권,전북특별자치도,무주군,전북특별자치도 무주군 설천면 무설로 1619,,,,,2025-01-20
you참치&amp;생연어,무주사랑상품권,전북특별자치도,무주군,전북특별자치도 무주군 무주읍 단천로 100,,,,,2025-01-20
현대광고기획,무주사랑상품권,전북특별자치도,무주군,전북특별자치도 무주군 무주읍 주계로 91,,,,,2025-01-20
풍년상회,무주사랑상품권,전북특별자치도,무주군,전북특별자치도 무주군 무주읍 주계로 44,,,,,2025-01-20
투다리,무주사랑상품권,전북특별자치도,무주군,전북특별자치도 무주군 무주읍 주계로 111  1층,,,,,2025-01-20
포시즌,무주사랑상품권,전북특별자치도,무주군,전북특별자치도 무주군 무주읍 당산강변로 146  1층,,,,,2025-01-20
오家네 칼국수,무주사랑상품권,전북특별자치도,무주군,전북특별자치도 무주군 무주읍 당산강변로 206,,,,,2025-01-20
킹콩,무주사랑상품권,전북특별자치도,무주군,전북특별자치도 무주군 무주읍 당산강변로 188,,,,,2025-01-20
울엄마양평해장국 무주점,무주사랑상품권,전북특별자치도,무주군,전북특별자치도 무주군 무주읍 단천로 62,,,,,2025-01-20
꽃나라화원,무주사랑상품권,전북특별자치도,무주군,,전북특별자치도 무주군 무주읍 읍내리 854-3,,,,2025-01-20
무주장의사,무주사랑상품권,전북특별자치도,무주군,,전북특별자치도 무주군 무주읍 당산리 1393,,,,2025-01-20
금호마트,무주사랑상품권,전북특별자치도,무주군,전북특별자치도 무주군 무주읍 한풍루로 363,,,,,2025-01-20
금호축산식당,무주사랑상품권,전북특별자치도,무주군,전북특별자치도 무주군 무주읍 한풍루로 363,,,,,2025-01-20
레드페이스,무주사랑상품권,전북특별자치도,무주군,전북특별자치도 무주군 무주읍 한풍루로 363,,,,,2025-01-20
중앙약국,무주사랑상품권,전북특별자치도,무주군,전북특별자치도 무주군 안성면 안성로 279,,,,,2025-01-20
유할인마트,무주사랑상품권,전북특별자치도,무주군,전북특별자치도 무주군 안성면 안성로 290-1,,,,,2025-01-20
옛날시골순대,무주사랑상품권,전북특별자치도,무주군,전북특별자치도 무주군 안성면 안성로 257,,,,,2025-01-20
요술가위미용실,무주사랑상품권,전북특별자치도,무주군,전북특별자치도 무주군 안성면 안성로 264-1,,,,,2025-01-20
아리수,무주사랑상품권,전북특별자치도,무주군,전북특별자치도 무주군 무주읍 단천로 55-1  2층,,,,,2025-01-20
제일상회,무주사랑상품권,전북특별자치도,무주군,,전북특별자치도 무주군 안성면 장기리 1511,,,,2025-01-20
신토불이추어탕,무주사랑상품권,전북특별자치도,무주군,,전북특별자치도 무주군 안성면 장기리 1511-9,,,,2025-01-20
킹할인마트,무주사랑상품권,전북특별자치도,무주군,전북특별자치도 무주군 안성면 안성로 261,,,,,2025-01-20
한농상회,무주사랑상품권,전북특별자치도,무주군,전북특별자치도 무주군 안성면 칠연로 38(21호),,,,,2025-01-20
한농종묘,무주사랑상품권,전북특별자치도,무주군,,전북특별자치도 무주군 안성면 장기리 1511,,,,2025-01-20
혜성건강원,무주사랑상품권,전북특별자치도,무주군,전북특별자치도 무주군 안성면 안성로 287-6,,,,,2025-01-20
환이네 양념치킨,무주사랑상품권,전북특별자치도,무주군,전북특별자치도 무주군 안성면 안성로 287-6,,,,,2025-01-20
이리 정육점,무주사랑상품권,전북특별자치도,무주군,전북특별자치도 무주군 안성면 안성로 293-1,,,,,2025-01-20
이리식당,무주사랑상품권,전북특별자치도,무주군,전북특별자치도 무주군 안성면 안성로 293-1,,,,,2025-01-20
이쁠래 미용실,무주사랑상품권,전북특별자치도,무주군,전북특별자치도 무주군 안성면 안성로 277,,,,,2025-01-20
돈까스랑파스타,무주사랑상품권,전북특별자치도,무주군,전북특별자치도 무주군 안성면 안성로 297-1,,,,,2025-01-20
안성주유소,무주사랑상품권,전북특별자치도,무주군,전북특별자치도 무주군 안성면 안성로 256,,,,,2025-01-20
현대건재사,무주사랑상품권,전북특별자치도,무주군,전북특별자치도 무주군 안성면 안성로 258,,,,,2025-01-20
대복건설건재사,무주사랑상품권,전북특별자치도,무주군,전북특별자치도 무주군 안성면 시장윗길 12-5,,,,,2025-01-20
이디야 커피 무주점,무주사랑상품권,전북특별자치도,무주군,전북특별자치도 무주군 무주읍 향학로 37  1층,,,,,2025-01-20
부대찌개애 반햇소,무주사랑상품권,전북특별자치도,무주군,전북특별자치도 무주군 무주읍 당산강변로 190  1층,,,,,2025-01-20
안성가,무주사랑상품권,전북특별자치도,무주군,전북특별자치도 무주군 안성면 단지봉길 5,,,,,2025-01-20
영동식당,무주사랑상품권,전북특별자치도,무주군,전북특별자치도 무주군 무주읍 단천로 88,,,,,2025-01-20
3008주유소,무주사랑상품권,전북특별자치도,무주군,전북특별자치도 무주군 안성면 안성로 29,,,,,2025-01-20
천지가든,무주사랑상품권,전북특별자치도,무주군,전북특별자치도 무주군 무주읍 괴목로 1313 (외 1필지),,,,,2025-01-20
농업회사법인 산머루유통㈜,무주사랑상품권,전북특별자치도,무주군,전북특별자치도 무주군 무주읍 괴목로 1313,,,,,2025-01-20
국수나무 무주점,무주사랑상품권,전북특별자치도,무주군,전북특별자치도 무주군 무주읍 당산강변로 188  1층 2호,,,,,2025-01-20
그린가든,무주사랑상품권,전북특별자치도,무주군,전북특별자치도 무주군 안성면 장무로 1543-4,,,,,2025-01-20
네이처컬레션 전북무주점,무주사랑상품권,전북특별자치도,무주군,전북특별자치도 무주군 무주읍 향학로 37,,,,,2025-01-20
다소니,무주사랑상품권,전북특별자치도,무주군,전북특별자치도 무주군 적상면 적상산로 164.1층,,,,,2025-01-20
올리브,무주사랑상품권,전북특별자치도,무주군,전북특별자치도 무주군 무주읍 죽산길 24,,,,,2025-01-20
푸른약국,무주사랑상품권,전북특별자치도,무주군,전북특별자치도 무주군 무주읍 주계로 74,,,,,2025-01-20
유화건재,무주사랑상품권,전북특별자치도,무주군,전북특별자치도 무주군 무주읍 주계로 81,,,,,2025-01-20
더킴스음악학원,무주사랑상품권,전북특별자치도,무주군,전북특별자치도 무주군 무주읍 향학로 60-1,,,,,2025-01-20
베스킨라빈스 무주점,무주사랑상품권,전북특별자치도,무주군,전북특별자치도 무주군 무주읍 단천로 107,,,,,2025-01-20
라온머리방,무주사랑상품권,전북특별자치도,무주군,전북특별자치도 무주군 무주읍 주계로 112  1층 103호,,,,,2025-01-20
좋은친구,무주사랑상품권,전북특별자치도,무주군,전북특별자치도 무주군 무주읍 단천로 100,,,,,2025-01-20
용우동,무주사랑상품권,전북특별자치도,무주군,전북특별자치도 무주군 무주읍 주계로 123,,,,,2025-01-20
스튜디오 담,무주사랑상품권,전북특별자치도,무주군,전북특별자치도 무주군 무주읍 주계로8길 7 2층,,,,,2025-01-20
무주서점,무주사랑상품권,전북특별자치도,무주군,전북특별자치도 무주군 무주읍 주계로8길 4-2,,,,,2025-01-20
엠제이스포츠,무주사랑상품권,전북특별자치도,무주군,전북특별자치도 무주군 무주읍 주계로 120,,,,,2025-01-20
카페로뎀,무주사랑상품권,전북특별자치도,무주군,전북특별자치도 무주군 무주읍 적천로 317 엘림빌딩2층,,,,,2025-01-20
동경참치,무주사랑상품권,전북특별자치도,무주군,전북특별자치도 무주군 무주읍 단천로5길 5,,,,,2025-01-20
산골자전거,무주사랑상품권,전북특별자치도,무주군,전북특별자치도 무주군 무주읍 주계로 135,,,,,2025-01-20
적상 한우고기 전문식당,무주사랑상품권,전북특별자치도,무주군,,전북특별자치도 무주군 적상면 사천리 312-1,,,,2025-01-20
아줌마가든,무주사랑상품권,전북특별자치도,무주군,전북특별자치도 무주군 적상면 적상산로 5,,,,,2025-01-20
정통중화요리신미가,무주사랑상품권,전북특별자치도,무주군,전북특별자치도 무주군 무주읍 무주로 1739,,,,,2025-01-20
무주DC마트,무주사랑상품권,전북특별자치도,무주군,,전북특별자치도 무주군 무주읍 당산리 1233-6,,,,2025-01-20
무주한우전문점,무주사랑상품권,전북특별자치도,무주군,전북특별자치도 무주군 무주읍 단천로 94,,,,,2025-01-20
김용선 베이커리,무주사랑상품권,전북특별자치도,무주군,전북특별자치도 무주군 무주읍 단천로 101,,,,,2025-01-20
이분식,무주사랑상품권,전북특별자치도,무주군,전북특별자치도 무주군 무주읍 주계로 120,,,,,2025-01-20
미문당,무주사랑상품권,전북특별자치도,무주군,전북특별자치도 무주군 무주읍 주계로 7길 12,,,,,2025-01-20
손칼,무주사랑상품권,전북특별자치도,무주군,전북특별자치도 무주군 무주읍 단천로 100,,,,,2025-01-20
아트사진관,무주사랑상품권,전북특별자치도,무주군,,전북특별자치도 무주군 무주읍 읍내리 245-4,,,,2025-01-20
일립사,무주사랑상품권,전북특별자치도,무주군,전북특별자치도 무주군 무주읍 주계로8길 3,,,,,2025-01-20
유가네한우곰탕,무주사랑상품권,전북특별자치도,무주군,전북특별자치도 무주군 무주읍 단천로 96,,,,,2025-01-20
무주안경원,무주사랑상품권,전북특별자치도,무주군,,전북특별자치도 무주군 무주읍 읍내리 227,,,,2025-01-20
LG무주대리점,무주사랑상품권,전북특별자치도,무주군,,전북특별자치도 무주군 무주읍 읍내리 186-6,,,,2025-01-20
쌩얼  EYE LASH,무주사랑상품권,전북특별자치도,무주군,전북특별자치도 무주군 무주읍 단천로 79,,,,,2025-01-20
목우촌 참피자 무주점,무주사랑상품권,전북특별자치도,무주군,전북특별자치도 무주군 무주읍 단천로 89,,,,,2025-01-20
소담,무주사랑상품권,전북특별자치도,무주군,전북특별자치도 무주군 무주읍 신교로3길 10  105동 306호,,,,,2025-01-20
고봉민김밥人 무주점,무주사랑상품권,전북특별자치도,무주군,전북특별자치도 무주군 무주읍 주계로8길 7,,,,,2025-01-20
창조미술교습소,무주사랑상품권,전북특별자치도,무주군,전북특별자치도 무주군 무주읍 향한로 59,,,,,2025-01-20
한일관,무주사랑상품권,전북특별자치도,무주군,전북특별자치도 무주군 무주읍 향학로 47,,,,,2025-01-20
무주명가,무주사랑상품권,전북특별자치도,무주군,전북특별자치도 무주군 무주읍 단천로 99  3층 101호,,,,,2025-01-20
땡큐베리,무주사랑상품권,전북특별자치도,무주군,전북특별자치도 무주군 무주읍 주계로8길 8,,,,,2025-01-20
다솜직화쭈꾸미,무주사랑상품권,전북특별자치도,무주군,전북특별자치도 무주군 무주읍 주계로8길 5,,,,,2025-01-20
길림성,무주사랑상품권,전북특별자치도,무주군,전북특별자치도 무주군 무주읍 주계로 62-1,,,,,2025-01-20
우리네국수,무주사랑상품권,전북특별자치도,무주군,전북특별자치도 무주군 무주읍 단천로 31-6,,,,,2025-01-20
풍년농약종묘사,무주사랑상품권,전북특별자치도,무주군,전북특별자치도 무주군 무주읍 주계로 57,,,,,2025-01-20
웨스트우드 무주점,무주사랑상품권,전북특별자치도,무주군,전북특별자치도 무주군 무주읍 적천로 317  1층,,,,,2025-01-20
만원이네,무주사랑상품권,전북특별자치도,무주군,전북특별자치도 무주군 무주읍 주계로 34,,,,,2025-01-20
금순이 맛집,무주사랑상품권,전북특별자치도,무주군,전북특별자치도 무주군 무주읍 적천로 321-1 (1층),,,,,2025-01-20
농민의집,무주사랑상품권,전북특별자치도,무주군,,전북특별자치도 무주군 무주읍 당산리 1229,,,,2025-01-20
코아미용실,무주사랑상품권,전북특별자치도,무주군,전북특별자치도 무주군 무주읍 한풍루로 351,,,,,2025-01-20
배가족발,무주사랑상품권,전북특별자치도,무주군,전북특별자치도 무주군 무주읍 당산강변로 240  101호 (리버캐슬),,,,,2025-01-20
기사님식당,무주사랑상품권,전북특별자치도,무주군,,전북특별자치도 무주군 무주읍 단상리 1224-2,,,,2025-01-20
